"","Program","Year","Period","Geo Level","State","State ANSI","Ag District","Ag District Code","County","County ANSI","Measure","Applications","Bearing Type","Metric","Domain","Chemical Name","Code","Use","Value","CV (%)"
"1","SURVEY",2024,"YEAR","NATIONAL","US TOTAL",NA,NA,NA,NA,NA,"PRICE RECEIVED-ADJUSTED BASE","FRESH MARKET",NA,"MEASURED IN $ / CWT","TOTAL",NA,NA,"NOT SPECIFIED","10.9",NA
"2","SURVEY",2024,"YEAR","NATIONAL","US TOTAL",NA,NA,NA,NA,NA,"PRICE RECEIVED-ADJUSTED BASE","PROCESSING",NA,"MEASURED IN $ / TON","TOTAL",NA,NA,"NOT SPECIFIED","4.04",NA
"3","SURVEY",2023,"MARKETING YEAR","NATIONAL","US TOTAL",NA,NA,NA,NA,NA,"PRICE RECEIVED",NA,NA,NA,"TOTAL",NA,NA,"NOT SPECIFIED","123",NA
"4","SURVEY",2023,"MARKETING YEAR","NATIONAL","US TOTAL",NA,NA,NA,NA,NA,"PRICE RECEIVED","FRESH MARKET",NA,"MEASURED IN $ / CWT","TOTAL",NA,NA,"NOT SPECIFIED","142",NA
"5","SURVEY",2023,"MARKETING YEAR","NATIONAL","US TOTAL",NA,NA,NA,NA,NA,"PRICE RECEIVED","PROCESSING",NA,"MEASURED IN $ / CWT","TOTAL",NA,NA,"NOT SPECIFIED","43.8",NA
"6","SURVEY",2023,"MARKETING YEAR","STATE","CALIFORNIA","06",NA,NA,NA,NA,"PRICE RECEIVED",NA,NA,NA,"TOTAL",NA,NA,"NOT SPECIFIED","121",NA
"7","SURVEY",2023,"MARKETING YEAR","STATE","CALIFORNIA","06",NA,NA,NA,NA,"PRICE RECEIVED","FRESH MARKET",NA,"MEASURED IN $ / CWT","TOTAL",NA,NA,"NOT SPECIFIED","(D)",NA
"8","SURVEY",2023,"MARKETING YEAR","STATE","CALIFORNIA","06",NA,NA,NA,NA,"PRICE RECEIVED","PROCESSING",NA,"MEASURED IN $ / CWT","TOTAL",NA,NA,"NOT SPECIFIED","(D)",NA
"9","SURVEY",2023,"MARKETING YEAR","STATE","FLORIDA","12",NA,NA,NA,NA,"PRICE RECEIVED",NA,NA,NA,"TOTAL",NA,NA,"NOT SPECIFIED","147",NA
"10","SURVEY",2023,"MARKETING YEAR","STATE","FLORIDA","12",NA,NA,NA,NA,"PRICE RECEIVED","FRESH MARKET",NA,"MEASURED IN $ / CWT","TOTAL",NA,NA,"NOT SPECIFIED","(D)",NA
"11","SURVEY",2023,"MARKETING YEAR","STATE","FLORIDA","12",NA,NA,NA,NA,"PRICE RECEIVED","PROCESSING",NA,"MEASURED IN $ / CWT","TOTAL",NA,NA,"NOT SPECIFIED","(D)",NA
"12","SURVEY",2023,"MARKETING YEAR","STATE","OTHER STATES",NA,NA,NA,NA,NA,"PRICE RECEIVED","FRESH MARKET",NA,"MEASURED IN $ / CWT","TOTAL",NA,NA,"NOT SPECIFIED","142",NA
"13","SURVEY",2023,"MARKETING YEAR","STATE","OTHER STATES",NA,NA,NA,NA,NA,"PRICE RECEIVED","PROCESSING",NA,"MEASURED IN $ / CWT","TOTAL",NA,NA,"NOT SPECIFIED","43.8",NA
"14","SURVEY",2023,"YEAR","NATIONAL","US TOTAL",NA,NA,NA,NA,NA,"ACRES HARVESTED",NA,NA,NA,"TOTAL",NA,NA,"NOT SPECIFIED","56,800",NA
"15","SURVEY",2023,"YEAR","NATIONAL","US TOTAL",NA,NA,NA,NA,NA,"ACRES PLANTED",NA,NA,NA,"TOTAL",NA,NA,"NOT SPECIFIED","57,300",NA
"16","SURVEY",2023,"YEAR","NATIONAL","US TOTAL",NA,NA,NA,NA,NA,"PRODUCTION",NA,NA,NA,"TOTAL",NA,NA,"NOT SPECIFIED","3,398,943,000",NA
"17","SURVEY",2023,"YEAR","NATIONAL","US TOTAL",NA,NA,NA,NA,NA,"PRODUCTION",NA,NA,NA,"TOTAL",NA,NA,"NOT SPECIFIED","27,560,000",NA
"18","SURVEY",2023,"YEAR","NATIONAL","US TOTAL",NA,NA,NA,NA,NA,"PRODUCTION",NA,NA,NA,"TOTAL",NA,NA,"NOT SPECIFIED","1,378,000",NA
"19","SURVEY",2023,"YEAR","NATIONAL","US TOTAL",NA,NA,NA,NA,NA,"YIELD",NA,NA,NA,"TOTAL",NA,NA,"NOT SPECIFIED","485",NA
"20","SURVEY",2023,"YEAR","NATIONAL","US TOTAL",NA,NA,NA,NA,NA,"YIELD",NA,NA,NA,"TOTAL",NA,NA,"NOT SPECIFIED","24.26",NA
"21","SURVEY",2023,"YEAR","NATIONAL","US TOTAL",NA,NA,NA,NA,NA,"PRICE RECEIVED-10 YEAR AVG FOR PARITY PURPOSES","FRESH MARKET",NA,"MEASURED IN $ / CWT","TOTAL",NA,NA,"NOT SPECIFIED","120",NA
"22","SURVEY",2023,"YEAR","NATIONAL","US TOTAL",NA,NA,NA,NA,NA,"PRICE RECEIVED-10 YEAR AVG","FRESH MARKET",NA,"MEASURED IN $ / CWT","TOTAL",NA,NA,"NOT SPECIFIED","120",NA
"23","SURVEY",2023,"YEAR","NATIONAL","US TOTAL",NA,NA,NA,NA,NA,"PRICE RECEIVED-ADJUSTED BASE","FRESH MARKET",NA,"MEASURED IN $ / CWT","TOTAL",NA,NA,"NOT SPECIFIED","10.8",NA
"24","SURVEY",2023,"YEAR","NATIONAL","US TOTAL",NA,NA,NA,NA,NA,"PRODUCTION","FRESH MARKET",NA,"MEASURED IN $","TOTAL",NA,NA,"NOT SPECIFIED","3,173,579,000",NA
"25","SURVEY",2023,"YEAR","NATIONAL","US TOTAL",NA,NA,NA,NA,NA,"UTILIZED - PRODUCTION","FRESH MARKET",NA,"MEASURED IN CWT","TOTAL",NA,NA,"NOT SPECIFIED","22,382,200",NA
"26","SURVEY",2023,"YEAR","NATIONAL","US TOTAL",NA,NA,NA,NA,NA,"PRODUCTION","NOT SOLD",NA,"MEASURED IN CWT","TOTAL",NA,NA,"NOT SPECIFIED","33,400",NA
"27","SURVEY",2023,"YEAR","NATIONAL","US TOTAL",NA,NA,NA,NA,NA,"PRICE RECEIVED-10 YEAR AVG FOR PARITY PURPOSES","PROCESSING",NA,"MEASURED IN $ / TON","TOTAL",NA,NA,"NOT SPECIFIED","44.4",NA
"28","SURVEY",2023,"YEAR","NATIONAL","US TOTAL",NA,NA,NA,NA,NA,"PRICE RECEIVED-10 YEAR AVG","PROCESSING",NA,"MEASURED IN $ / TON","TOTAL",NA,NA,"NOT SPECIFIED","44.4",NA
"29","SURVEY",2023,"YEAR","NATIONAL","US TOTAL",NA,NA,NA,NA,NA,"PRICE RECEIVED-ADJUSTED BASE","PROCESSING",NA,"MEASURED IN $ / TON","TOTAL",NA,NA,"NOT SPECIFIED","4.05",NA
"30","SURVEY",2023,"YEAR","NATIONAL","US TOTAL",NA,NA,NA,NA,NA,"PRODUCTION","PROCESSING",NA,"MEASURED IN $","TOTAL",NA,NA,"NOT SPECIFIED","225,364,000",NA
"31","SURVEY",2023,"YEAR","NATIONAL","US TOTAL",NA,NA,NA,NA,NA,"UTILIZED - PRODUCTION","PROCESSING",NA,"MEASURED IN CWT","TOTAL",NA,NA,"NOT SPECIFIED","5,144,400",NA
"32","SURVEY",2023,"YEAR","NATIONAL","US TOTAL",NA,NA,NA,NA,NA,"UTILIZED - PRODUCTION",NA,NA,"MEASURED IN CWT","TOTAL",NA,NA,"NOT SPECIFIED","27,526,600",NA
"33","SURVEY",2023,"YEAR","NATIONAL","US TOTAL",NA,NA,NA,NA,NA,"UTILIZED - PRODUCTION",NA,NA,"MEASURED IN TONS","TOTAL",NA,NA,"NOT SPECIFIED","1,376,330",NA
"34","SURVEY",2023,"YEAR","STATE","CALIFORNIA","06",NA,NA,NA,NA,"ACRES HARVESTED",NA,NA,NA,"TOTAL",NA,NA,"NOT SPECIFIED","42,700",NA
"35","SURVEY",2023,"YEAR","STATE","CALIFORNIA","06",NA,NA,NA,NA,"ACRES PLANTED",NA,NA,NA,"TOTAL",NA,NA,"NOT SPECIFIED","43,100",NA
"36","SURVEY",2023,"YEAR","STATE","CALIFORNIA","06",NA,NA,NA,NA,"PRODUCTION",NA,NA,NA,"TOTAL",NA,NA,"NOT SPECIFIED","2,965,387,000",NA
"37","SURVEY",2023,"YEAR","STATE","CALIFORNIA","06",NA,NA,NA,NA,"PRODUCTION",NA,NA,NA,"TOTAL",NA,NA,"NOT SPECIFIED","24,600,000",NA
"38","SURVEY",2023,"YEAR","STATE","CALIFORNIA","06",NA,NA,NA,NA,"YIELD",NA,NA,NA,"TOTAL",NA,NA,"NOT SPECIFIED","575",NA
"39","SURVEY",2023,"YEAR","STATE","CALIFORNIA","06",NA,NA,NA,NA,"PRODUCTION","FRESH MARKET",NA,"MEASURED IN $","TOTAL",NA,NA,"NOT SPECIFIED","(D)",NA
"40","SURVEY",2023,"YEAR","STATE","CALIFORNIA","06",NA,NA,NA,NA,"UTILIZED - PRODUCTION","FRESH MARKET",NA,"MEASURED IN CWT","TOTAL",NA,NA,"NOT SPECIFIED","(D)",NA
"41","SURVEY",2023,"YEAR","STATE","CALIFORNIA","06",NA,NA,NA,NA,"PRODUCTION","NOT SOLD",NA,"MEASURED IN CWT","TOTAL",NA,NA,"NOT SPECIFIED","24,600",NA
"42","SURVEY",2023,"YEAR","STATE","CALIFORNIA","06",NA,NA,NA,NA,"PRODUCTION","PROCESSING",NA,"MEASURED IN $","TOTAL",NA,NA,"NOT SPECIFIED","(D)",NA
"43","SURVEY",2023,"YEAR","STATE","CALIFORNIA","06",NA,NA,NA,NA,"UTILIZED - PRODUCTION","PROCESSING",NA,"MEASURED IN CWT","TOTAL",NA,NA,"NOT SPECIFIED","(D)",NA
"44","SURVEY",2023,"YEAR","STATE","CALIFORNIA","06",NA,NA,NA,NA,"UTILIZED - PRODUCTION",NA,NA,"MEASURED IN CWT","TOTAL",NA,NA,"NOT SPECIFIED","24,575,400",NA
"45","SURVEY",2023,"YEAR","STATE","FLORIDA","12",NA,NA,NA,NA,"ACRES HARVESTED",NA,NA,NA,"TOTAL",NA,NA,"NOT SPECIFIED","14,100",NA
"46","SURVEY",2023,"YEAR","STATE","FLORIDA","12",NA,NA,NA,NA,"ACRES PLANTED",NA,NA,NA,"TOTAL",NA,NA,"NOT SPECIFIED","14,200",NA
"47","SURVEY",2023,"YEAR","STATE","FLORIDA","12",NA,NA,NA,NA,"PRODUCTION",NA,NA,NA,"TOTAL",NA,NA,"NOT SPECIFIED","433,556,000",NA
"48","SURVEY",2023,"YEAR","STATE","FLORIDA","12",NA,NA,NA,NA,"PRODUCTION",NA,NA,NA,"TOTAL",NA,NA,"NOT SPECIFIED","2,960,000",NA
"49","SURVEY",2023,"YEAR","STATE","FLORIDA","12",NA,NA,NA,NA,"YIELD",NA,NA,NA,"TOTAL",NA,NA,"NOT SPECIFIED","210",NA
"50","SURVEY",2023,"YEAR","STATE","FLORIDA","12",NA,NA,NA,NA,"PRODUCTION","FRESH MARKET",NA,"MEASURED IN $","TOTAL",NA,NA,"NOT SPECIFIED","(D)",NA
"51","SURVEY",2023,"YEAR","STATE","FLORIDA","12",NA,NA,NA,NA,"UTILIZED - PRODUCTION","FRESH MARKET",NA,"MEASURED IN CWT","TOTAL",NA,NA,"NOT SPECIFIED","(D)",NA
"52","SURVEY",2023,"YEAR","STATE","FLORIDA","12",NA,NA,NA,NA,"PRODUCTION","NOT SOLD",NA,"MEASURED IN CWT","TOTAL",NA,NA,"NOT SPECIFIED","8,800",NA
"53","SURVEY",2023,"YEAR","STATE","FLORIDA","12",NA,NA,NA,NA,"PRODUCTION","PROCESSING",NA,"MEASURED IN $","TOTAL",NA,NA,"NOT SPECIFIED","(D)",NA
"54","SURVEY",2023,"YEAR","STATE","FLORIDA","12",NA,NA,NA,NA,"UTILIZED - PRODUCTION","PROCESSING",NA,"MEASURED IN CWT","TOTAL",NA,NA,"NOT SPECIFIED","(D)",NA
"55","SURVEY",2023,"YEAR","STATE","FLORIDA","12",NA,NA,NA,NA,"UTILIZED - PRODUCTION",NA,NA,"MEASURED IN CWT","TOTAL",NA,NA,"NOT SPECIFIED","2,951,200",NA
"56","SURVEY",2023,"YEAR","STATE","OTHER STATES",NA,NA,NA,NA,NA,"PRODUCTION","FRESH MARKET",NA,"MEASURED IN $","TOTAL",NA,NA,"NOT SPECIFIED","3,173,579,000",NA
"57","SURVEY",2023,"YEAR","STATE","OTHER STATES",NA,NA,NA,NA,NA,"UTILIZED - PRODUCTION","FRESH MARKET",NA,"MEASURED IN CWT","TOTAL",NA,NA,"NOT SPECIFIED","22,382,200",NA
"58","SURVEY",2023,"YEAR","STATE","OTHER STATES",NA,NA,NA,NA,NA,"PRODUCTION","NOT SOLD",NA,"MEASURED IN CWT","TOTAL",NA,NA,"NOT SPECIFIED","0",NA
"59","SURVEY",2023,"YEAR","STATE","OTHER STATES",NA,NA,NA,NA,NA,"PRODUCTION","PROCESSING",NA,"MEASURED IN $","TOTAL",NA,NA,"NOT SPECIFIED","225,364,000",NA
"60","SURVEY",2023,"YEAR","STATE","OTHER STATES",NA,NA,NA,NA,NA,"UTILIZED - PRODUCTION","PROCESSING",NA,"MEASURED IN CWT","TOTAL",NA,NA,"NOT SPECIFIED","5,144,400",NA
"61","SURVEY",2022,"MARKETING YEAR","NATIONAL","US TOTAL",NA,NA,NA,NA,NA,"PRICE RECEIVED",NA,NA,NA,"TOTAL",NA,NA,"NOT SPECIFIED","114",NA
"62","SURVEY",2022,"MARKETING YEAR","NATIONAL","US TOTAL",NA,NA,NA,NA,NA,"PRICE RECEIVED","FRESH MARKET",NA,"MEASURED IN $ / CWT","TOTAL",NA,NA,"NOT SPECIFIED","135",NA
"63","SURVEY",2022,"MARKETING YEAR","NATIONAL","US TOTAL",NA,NA,NA,NA,NA,"PRICE RECEIVED","PROCESSING",NA,"MEASURED IN $ / CWT","TOTAL",NA,NA,"NOT SPECIFIED","27.1",NA
"64","SURVEY",2022,"MARKETING YEAR","STATE","CALIFORNIA","06",NA,NA,NA,NA,"PRICE RECEIVED",NA,NA,NA,"TOTAL",NA,NA,"NOT SPECIFIED","108",NA
"65","SURVEY",2022,"MARKETING YEAR","STATE","CALIFORNIA","06",NA,NA,NA,NA,"PRICE RECEIVED","FRESH MARKET",NA,"MEASURED IN $ / CWT","TOTAL",NA,NA,"NOT SPECIFIED","(D)",NA
"66","SURVEY",2022,"MARKETING YEAR","STATE","CALIFORNIA","06",NA,NA,NA,NA,"PRICE RECEIVED","PROCESSING",NA,"MEASURED IN $ / CWT","TOTAL",NA,NA,"NOT SPECIFIED","(D)",NA
"67","SURVEY",2022,"MARKETING YEAR","STATE","FLORIDA","12",NA,NA,NA,NA,"PRICE RECEIVED",NA,NA,NA,"TOTAL",NA,NA,"NOT SPECIFIED","169",NA
"68","SURVEY",2022,"MARKETING YEAR","STATE","FLORIDA","12",NA,NA,NA,NA,"PRICE RECEIVED","FRESH MARKET",NA,"MEASURED IN $ / CWT","TOTAL",NA,NA,"NOT SPECIFIED","(D)",NA
"69","SURVEY",2022,"MARKETING YEAR","STATE","FLORIDA","12",NA,NA,NA,NA,"PRICE RECEIVED","PROCESSING",NA,"MEASURED IN $ / CWT","TOTAL",NA,NA,"NOT SPECIFIED","(D)",NA
"70","SURVEY",2022,"MARKETING YEAR","STATE","OTHER STATES",NA,NA,NA,NA,NA,"PRICE RECEIVED",NA,NA,NA,"TOTAL",NA,NA,"NOT SPECIFIED","0",NA
"71","SURVEY",2022,"MARKETING YEAR","STATE","OTHER STATES",NA,NA,NA,NA,NA,"PRICE RECEIVED","FRESH MARKET",NA,"MEASURED IN $ / CWT","TOTAL",NA,NA,"NOT SPECIFIED","135",NA
"72","SURVEY",2022,"MARKETING YEAR","STATE","OTHER STATES",NA,NA,NA,NA,NA,"PRICE RECEIVED","PROCESSING",NA,"MEASURED IN $ / CWT","TOTAL",NA,NA,"NOT SPECIFIED","27.1",NA
"73","SURVEY",2022,"YEAR","NATIONAL","US TOTAL",NA,NA,NA,NA,NA,"ACRES HARVESTED",NA,NA,NA,"TOTAL",NA,NA,"NOT SPECIFIED","56,300",NA
"74","SURVEY",2022,"YEAR","NATIONAL","US TOTAL",NA,NA,NA,NA,NA,"ACRES PLANTED",NA,NA,NA,"TOTAL",NA,NA,"NOT SPECIFIED","56,400",NA
"75","SURVEY",2022,"YEAR","NATIONAL","US TOTAL",NA,NA,NA,NA,NA,"PRODUCTION",NA,NA,NA,"TOTAL",NA,NA,"NOT SPECIFIED","3,259,100,000",NA
"76","SURVEY",2022,"YEAR","NATIONAL","US TOTAL",NA,NA,NA,NA,NA,"PRODUCTION",NA,NA,NA,"TOTAL",NA,NA,"NOT SPECIFIED","28,520,000",NA
"77","SURVEY",2022,"YEAR","NATIONAL","US TOTAL",NA,NA,NA,NA,NA,"PRODUCTION",NA,NA,NA,"TOTAL",NA,NA,"NOT SPECIFIED","1,426,000",NA
"78","SURVEY",2022,"YEAR","NATIONAL","US TOTAL",NA,NA,NA,NA,NA,"YIELD",NA,NA,NA,"TOTAL",NA,NA,"NOT SPECIFIED","507",NA
"79","SURVEY",2022,"YEAR","NATIONAL","US TOTAL",NA,NA,NA,NA,NA,"YIELD",NA,NA,NA,"TOTAL",NA,NA,"NOT SPECIFIED","25.33",NA
"80","SURVEY",2022,"YEAR","NATIONAL","US TOTAL",NA,NA,NA,NA,NA,"PRICE RECEIVED-10 YEAR AVG FOR PARITY PURPOSES","FRESH MARKET",NA,"MEASURED IN $ / CWT","TOTAL",NA,NA,"NOT SPECIFIED","116",NA
"81","SURVEY",2022,"YEAR","NATIONAL","US TOTAL",NA,NA,NA,NA,NA,"PRICE RECEIVED-10 YEAR AVG","FRESH MARKET",NA,"MEASURED IN $ / CWT","TOTAL",NA,NA,"NOT SPECIFIED","116",NA
"82","SURVEY",2022,"YEAR","NATIONAL","US TOTAL",NA,NA,NA,NA,NA,"PRODUCTION","FRESH MARKET",NA,"MEASURED IN $","TOTAL",NA,NA,"NOT SPECIFIED","3,112,100,000",NA
"83","SURVEY",2022,"YEAR","NATIONAL","US TOTAL",NA,NA,NA,NA,NA,"UTILIZED - PRODUCTION","FRESH MARKET",NA,"MEASURED IN CWT","TOTAL",NA,NA,"NOT SPECIFIED","23,077,600",NA
"84","SURVEY",2022,"YEAR","NATIONAL","US TOTAL",NA,NA,NA,NA,NA,"PRODUCTION","NOT SOLD",NA,"MEASURED IN CWT","TOTAL",NA,NA,"NOT SPECIFIED","25,700",NA
"85","SURVEY",2022,"YEAR","NATIONAL","US TOTAL",NA,NA,NA,NA,NA,"PRICE RECEIVED-10 YEAR AVG FOR PARITY PURPOSES","PROCESSING",NA,"MEASURED IN $ / TON","TOTAL",NA,NA,"NOT SPECIFIED","43.5",NA
"86","SURVEY",2022,"YEAR","NATIONAL","US TOTAL",NA,NA,NA,NA,NA,"PRICE RECEIVED-10 YEAR AVG","PROCESSING",NA,"MEASURED IN $ / TON","TOTAL",NA,NA,"NOT SPECIFIED","43.5",NA
"87","SURVEY",2022,"YEAR","NATIONAL","US TOTAL",NA,NA,NA,NA,NA,"PRODUCTION","PROCESSING",NA,"MEASURED IN $","TOTAL",NA,NA,"NOT SPECIFIED","147,000,000",NA
"88","SURVEY",2022,"YEAR","NATIONAL","US TOTAL",NA,NA,NA,NA,NA,"UTILIZED - PRODUCTION","PROCESSING",NA,"MEASURED IN CWT","TOTAL",NA,NA,"NOT SPECIFIED","5,416,700",NA
"89","SURVEY",2022,"YEAR","NATIONAL","US TOTAL",NA,NA,NA,NA,NA,"UTILIZED - PRODUCTION",NA,NA,"MEASURED IN CWT","TOTAL",NA,NA,"NOT SPECIFIED","28,494,300",NA
"90","SURVEY",2022,"YEAR","NATIONAL","US TOTAL",NA,NA,NA,NA,NA,"UTILIZED - PRODUCTION",NA,NA,"MEASURED IN TONS","TOTAL",NA,NA,"NOT SPECIFIED","1,424,715",NA
"91","SURVEY",2022,"YEAR","STATE","CALIFORNIA","06",NA,NA,NA,NA,"ACRES HARVESTED",NA,NA,NA,"TOTAL",NA,NA,"NOT SPECIFIED","43,500",NA
"92","SURVEY",2022,"YEAR","STATE","CALIFORNIA","06",NA,NA,NA,NA,"ACRES PLANTED",NA,NA,NA,"TOTAL",NA,NA,"NOT SPECIFIED","43,600",NA
"93","SURVEY",2022,"YEAR","STATE","CALIFORNIA","06",NA,NA,NA,NA,"PRODUCTION",NA,NA,NA,"TOTAL",NA,NA,"NOT SPECIFIED","2,781,768,000",NA
"94","SURVEY",2022,"YEAR","STATE","CALIFORNIA","06",NA,NA,NA,NA,"PRODUCTION",NA,NA,NA,"TOTAL",NA,NA,"NOT SPECIFIED","25,700,000",NA
"95","SURVEY",2022,"YEAR","STATE","CALIFORNIA","06",NA,NA,NA,NA,"YIELD",NA,NA,NA,"TOTAL",NA,NA,"NOT SPECIFIED","590",NA
"96","SURVEY",2022,"YEAR","STATE","CALIFORNIA","06",NA,NA,NA,NA,"PRODUCTION","FRESH MARKET",NA,"MEASURED IN $","TOTAL",NA,NA,"NOT SPECIFIED","(D)",NA
"97","SURVEY",2022,"YEAR","STATE","CALIFORNIA","06",NA,NA,NA,NA,"UTILIZED - PRODUCTION","FRESH MARKET",NA,"MEASURED IN CWT","TOTAL",NA,NA,"NOT SPECIFIED","(D)",NA
"98","SURVEY",2022,"YEAR","STATE","CALIFORNIA","06",NA,NA,NA,NA,"PRODUCTION","NOT SOLD",NA,"MEASURED IN CWT","TOTAL",NA,NA,"NOT SPECIFIED","25,700",NA
"99","SURVEY",2022,"YEAR","STATE","CALIFORNIA","06",NA,NA,NA,NA,"PRODUCTION","PROCESSING",NA,"MEASURED IN $","TOTAL",NA,NA,"NOT SPECIFIED","(D)",NA
"100","SURVEY",2022,"YEAR","STATE","CALIFORNIA","06",NA,NA,NA,NA,"UTILIZED - PRODUCTION","PROCESSING",NA,"MEASURED IN CWT","TOTAL",NA,NA,"NOT SPECIFIED","(D)",NA
"101","SURVEY",2022,"YEAR","STATE","CALIFORNIA","06",NA,NA,NA,NA,"UTILIZED - PRODUCTION",NA,NA,"MEASURED IN CWT","TOTAL",NA,NA,"NOT SPECIFIED","25,674,300",NA
"102","SURVEY",2022,"YEAR","STATE","FLORIDA","12",NA,NA,NA,NA,"ACRES HARVESTED",NA,NA,NA,"TOTAL",NA,NA,"NOT SPECIFIED","12,800",NA
"103","SURVEY",2022,"YEAR","STATE","FLORIDA","12",NA,NA,NA,NA,"ACRES PLANTED",NA,NA,NA,"TOTAL",NA,NA,"NOT SPECIFIED","12,800",NA
"104","SURVEY",2022,"YEAR","STATE","FLORIDA","12",NA,NA,NA,NA,"PRODUCTION",NA,NA,NA,"TOTAL",NA,NA,"NOT SPECIFIED","477,332,000",NA
"105","SURVEY",2022,"YEAR","STATE","FLORIDA","12",NA,NA,NA,NA,"PRODUCTION",NA,NA,NA,"TOTAL",NA,NA,"NOT SPECIFIED","2,820,000",NA
"106","SURVEY",2022,"YEAR","STATE","FLORIDA","12",NA,NA,NA,NA,"YIELD",NA,NA,NA,"TOTAL",NA,NA,"NOT SPECIFIED","220",NA
"107","SURVEY",2022,"YEAR","STATE","FLORIDA","12",NA,NA,NA,NA,"PRODUCTION","FRESH MARKET",NA,"MEASURED IN $","TOTAL",NA,NA,"NOT SPECIFIED","(D)",NA
"108","SURVEY",2022,"YEAR","STATE","FLORIDA","12",NA,NA,NA,NA,"UTILIZED - PRODUCTION","FRESH MARKET",NA,"MEASURED IN CWT","TOTAL",NA,NA,"NOT SPECIFIED","(D)",NA
"109","SURVEY",2022,"YEAR","STATE","FLORIDA","12",NA,NA,NA,NA,"PRODUCTION","NOT SOLD",NA,"MEASURED IN CWT","TOTAL",NA,NA,"NOT SPECIFIED","0",NA
"110","SURVEY",2022,"YEAR","STATE","FLORIDA","12",NA,NA,NA,NA,"PRODUCTION","PROCESSING",NA,"MEASURED IN $","TOTAL",NA,NA,"NOT SPECIFIED","(D)",NA
"111","SURVEY",2022,"YEAR","STATE","FLORIDA","12",NA,NA,NA,NA,"UTILIZED - PRODUCTION","PROCESSING",NA,"MEASURED IN CWT","TOTAL",NA,NA,"NOT SPECIFIED","(D)",NA
"112","SURVEY",2022,"YEAR","STATE","FLORIDA","12",NA,NA,NA,NA,"UTILIZED - PRODUCTION",NA,NA,"MEASURED IN CWT","TOTAL",NA,NA,"NOT SPECIFIED","2,820,000",NA
"113","SURVEY",2022,"YEAR","STATE","OTHER STATES",NA,NA,NA,NA,NA,"ACRES HARVESTED",NA,NA,NA,"TOTAL",NA,NA,"NOT SPECIFIED","0",NA
"114","SURVEY",2022,"YEAR","STATE","OTHER STATES",NA,NA,NA,NA,NA,"ACRES PLANTED",NA,NA,NA,"TOTAL",NA,NA,"NOT SPECIFIED","0",NA
"115","SURVEY",2022,"YEAR","STATE","OTHER STATES",NA,NA,NA,NA,NA,"PRODUCTION",NA,NA,NA,"TOTAL",NA,NA,"NOT SPECIFIED","0",NA
"116","SURVEY",2022,"YEAR","STATE","OTHER STATES",NA,NA,NA,NA,NA,"PRODUCTION",NA,NA,NA,"TOTAL",NA,NA,"NOT SPECIFIED","0",NA
"117","SURVEY",2022,"YEAR","STATE","OTHER STATES",NA,NA,NA,NA,NA,"YIELD",NA,NA,NA,"TOTAL",NA,NA,"NOT SPECIFIED","0",NA
"118","SURVEY",2022,"YEAR","STATE","OTHER STATES",NA,NA,NA,NA,NA,"PRODUCTION","FRESH MARKET",NA,"MEASURED IN $","TOTAL",NA,NA,"NOT SPECIFIED","3,112,100,000",NA
"119","SURVEY",2022,"YEAR","STATE","OTHER STATES",NA,NA,NA,NA,NA,"UTILIZED - PRODUCTION","FRESH MARKET",NA,"MEASURED IN CWT","TOTAL",NA,NA,"NOT SPECIFIED","23,077,600",NA
"120","SURVEY",2022,"YEAR","STATE","OTHER STATES",NA,NA,NA,NA,NA,"PRODUCTION","NOT SOLD",NA,"MEASURED IN CWT","TOTAL",NA,NA,"NOT SPECIFIED","0",NA
"121","SURVEY",2022,"YEAR","STATE","OTHER STATES",NA,NA,NA,NA,NA,"PRODUCTION","PROCESSING",NA,"MEASURED IN $","TOTAL",NA,NA,"NOT SPECIFIED","147,000,000",NA
"122","SURVEY",2022,"YEAR","STATE","OTHER STATES",NA,NA,NA,NA,NA,"UTILIZED - PRODUCTION","PROCESSING",NA,"MEASURED IN CWT","TOTAL",NA,NA,"NOT SPECIFIED","5,416,700",NA
"123","SURVEY",2022,"YEAR","STATE","OTHER STATES",NA,NA,NA,NA,NA,"UTILIZED - PRODUCTION",NA,NA,"MEASURED IN CWT","TOTAL",NA,NA,"NOT SPECIFIED","0",NA
"124","SURVEY",2021,"MARKETING YEAR","NATIONAL","US TOTAL",NA,NA,NA,NA,NA,"PRICE RECEIVED",NA,NA,NA,"TOTAL",NA,NA,"NOT SPECIFIED","129",NA
"125","SURVEY",2021,"MARKETING YEAR","NATIONAL","US TOTAL",NA,NA,NA,NA,NA,"PRICE RECEIVED","FRESH MARKET",NA,"MEASURED IN $ / CWT","TOTAL",NA,NA,"NOT SPECIFIED","143",NA
"126","SURVEY",2021,"MARKETING YEAR","NATIONAL","US TOTAL",NA,NA,NA,NA,NA,"PRICE RECEIVED","PROCESSING",NA,"MEASURED IN $ / CWT","TOTAL",NA,NA,"NOT SPECIFIED","64",NA
"127","SURVEY",2021,"MARKETING YEAR","STATE","CALIFORNIA","06",NA,NA,NA,NA,"PRICE RECEIVED",NA,NA,NA,"TOTAL",NA,NA,"NOT SPECIFIED","125",NA
"128","SURVEY",2021,"MARKETING YEAR","STATE","CALIFORNIA","06",NA,NA,NA,NA,"PRICE RECEIVED","FRESH MARKET",NA,"MEASURED IN $ / CWT","TOTAL",NA,NA,"NOT SPECIFIED","(D)",NA
"129","SURVEY",2021,"MARKETING YEAR","STATE","CALIFORNIA","06",NA,NA,NA,NA,"PRICE RECEIVED","PROCESSING",NA,"MEASURED IN $ / CWT","TOTAL",NA,NA,"NOT SPECIFIED","(D)",NA
"130","SURVEY",2021,"MARKETING YEAR","STATE","FLORIDA","12",NA,NA,NA,NA,"PRICE RECEIVED",NA,NA,NA,"TOTAL",NA,NA,"NOT SPECIFIED","160",NA
"131","SURVEY",2021,"MARKETING YEAR","STATE","FLORIDA","12",NA,NA,NA,NA,"PRICE RECEIVED","FRESH MARKET",NA,"MEASURED IN $ / CWT","TOTAL",NA,NA,"NOT SPECIFIED","(D)",NA
"132","SURVEY",2021,"MARKETING YEAR","STATE","FLORIDA","12",NA,NA,NA,NA,"PRICE RECEIVED","PROCESSING",NA,"MEASURED IN $ / CWT","TOTAL",NA,NA,"NOT SPECIFIED","(D)",NA
"133","SURVEY",2021,"MARKETING YEAR","STATE","OTHER STATES",NA,NA,NA,NA,NA,"PRICE RECEIVED",NA,NA,NA,"TOTAL",NA,NA,"NOT SPECIFIED","0",NA
"134","SURVEY",2021,"MARKETING YEAR","STATE","OTHER STATES",NA,NA,NA,NA,NA,"PRICE RECEIVED","FRESH MARKET",NA,"MEASURED IN $ / CWT","TOTAL",NA,NA,"NOT SPECIFIED","143",NA
"135","SURVEY",2021,"MARKETING YEAR","STATE","OTHER STATES",NA,NA,NA,NA,NA,"PRICE RECEIVED","PROCESSING",NA,"MEASURED IN $ / CWT","TOTAL",NA,NA,"NOT SPECIFIED","64",NA
"136","SURVEY",2021,"YEAR","NATIONAL","US TOTAL",NA,NA,NA,NA,NA,"ACRES HARVESTED",NA,NA,NA,"TOTAL",NA,NA,"NOT SPECIFIED","52,500",NA
"137","SURVEY",2021,"YEAR","NATIONAL","US TOTAL",NA,NA,NA,NA,NA,"ACRES PLANTED",NA,NA,NA,"TOTAL",NA,NA,"NOT SPECIFIED","52,500",NA
"138","SURVEY",2021,"YEAR","NATIONAL","US TOTAL",NA,NA,NA,NA,NA,"PRODUCTION",NA,NA,NA,"TOTAL",NA,NA,"NOT SPECIFIED","3,583,960,000",NA
"139","SURVEY",2021,"YEAR","NATIONAL","US TOTAL",NA,NA,NA,NA,NA,"PRODUCTION",NA,NA,NA,"TOTAL",NA,NA,"NOT SPECIFIED","27,930,000",NA
"140","SURVEY",2021,"YEAR","NATIONAL","US TOTAL",NA,NA,NA,NA,NA,"PRODUCTION",NA,NA,NA,"TOTAL",NA,NA,"NOT SPECIFIED","1,396,500",NA
"141","SURVEY",2021,"YEAR","NATIONAL","US TOTAL",NA,NA,NA,NA,NA,"YIELD",NA,NA,NA,"TOTAL",NA,NA,"NOT SPECIFIED","532",NA
"142","SURVEY",2021,"YEAR","NATIONAL","US TOTAL",NA,NA,NA,NA,NA,"YIELD",NA,NA,NA,"TOTAL",NA,NA,"NOT SPECIFIED","26.6",NA
"143","SURVEY",2021,"YEAR","NATIONAL","US TOTAL",NA,NA,NA,NA,NA,"PRICE RECEIVED-10 YEAR AVG","FRESH MARKET",NA,"MEASURED IN $ / CWT","TOTAL",NA,NA,"NOT SPECIFIED","111",NA
"144","SURVEY",2021,"YEAR","NATIONAL","US TOTAL",NA,NA,NA,NA,NA,"PRODUCTION","FRESH MARKET",NA,"MEASURED IN $","TOTAL",NA,NA,"NOT SPECIFIED","3,253,959,000",NA
"145","SURVEY",2021,"YEAR","NATIONAL","US TOTAL",NA,NA,NA,NA,NA,"UTILIZED - PRODUCTION","FRESH MARKET",NA,"MEASURED IN CWT","TOTAL",NA,NA,"NOT SPECIFIED","22,697,900",NA
"146","SURVEY",2021,"YEAR","NATIONAL","US TOTAL",NA,NA,NA,NA,NA,"PRODUCTION","NOT SOLD",NA,"MEASURED IN CWT","TOTAL",NA,NA,"NOT SPECIFIED","75,300",NA
"147","SURVEY",2021,"YEAR","NATIONAL","US TOTAL",NA,NA,NA,NA,NA,"PRICE RECEIVED-10 YEAR AVG","PROCESSING",NA,"MEASURED IN $ / TON","TOTAL",NA,NA,"NOT SPECIFIED","44.1",NA
"148","SURVEY",2021,"YEAR","NATIONAL","US TOTAL",NA,NA,NA,NA,NA,"PRODUCTION","PROCESSING",NA,"MEASURED IN $","TOTAL",NA,NA,"NOT SPECIFIED","330,001,000",NA
"149","SURVEY",2021,"YEAR","NATIONAL","US TOTAL",NA,NA,NA,NA,NA,"UTILIZED - PRODUCTION","PROCESSING",NA,"MEASURED IN CWT","TOTAL",NA,NA,"NOT SPECIFIED","5,156,800",NA
"150","SURVEY",2021,"YEAR","NATIONAL","US TOTAL",NA,NA,NA,NA,NA,"UTILIZED - PRODUCTION",NA,NA,"MEASURED IN CWT","TOTAL",NA,NA,"NOT SPECIFIED","27,854,700",NA
"151","SURVEY",2021,"YEAR","NATIONAL","US TOTAL",NA,NA,NA,NA,NA,"UTILIZED - PRODUCTION",NA,NA,"MEASURED IN TONS","TOTAL",NA,NA,"NOT SPECIFIED","1,392,735",NA
"152","SURVEY",2021,"YEAR","STATE","CALIFORNIA","06",NA,NA,NA,NA,"ACRES HARVESTED",NA,NA,NA,"TOTAL",NA,NA,"NOT SPECIFIED","40,200",NA
"153","SURVEY",2021,"YEAR","STATE","CALIFORNIA","06",NA,NA,NA,NA,"ACRES PLANTED",NA,NA,NA,"TOTAL",NA,NA,"NOT SPECIFIED","40,200",NA
"154","SURVEY",2021,"YEAR","STATE","CALIFORNIA","06",NA,NA,NA,NA,"PRODUCTION",NA,NA,NA,"TOTAL",NA,NA,"NOT SPECIFIED","3,132,279,000",NA
"155","SURVEY",2021,"YEAR","STATE","CALIFORNIA","06",NA,NA,NA,NA,"PRODUCTION",NA,NA,NA,"TOTAL",NA,NA,"NOT SPECIFIED","25,100,000",NA
"156","SURVEY",2021,"YEAR","STATE","CALIFORNIA","06",NA,NA,NA,NA,"YIELD",NA,NA,NA,"TOTAL",NA,NA,"NOT SPECIFIED","625",NA
"157","SURVEY",2021,"YEAR","STATE","CALIFORNIA","06",NA,NA,NA,NA,"PRODUCTION","FRESH MARKET",NA,"MEASURED IN $","TOTAL",NA,NA,"NOT SPECIFIED","(D)",NA
"158","SURVEY",2021,"YEAR","STATE","CALIFORNIA","06",NA,NA,NA,NA,"UTILIZED - PRODUCTION","FRESH MARKET",NA,"MEASURED IN CWT","TOTAL",NA,NA,"NOT SPECIFIED","(D)",NA
"159","SURVEY",2021,"YEAR","STATE","CALIFORNIA","06",NA,NA,NA,NA,"PRODUCTION","NOT SOLD",NA,"MEASURED IN CWT","TOTAL",NA,NA,"NOT SPECIFIED","75,300",NA
"160","SURVEY",2021,"YEAR","STATE","CALIFORNIA","06",NA,NA,NA,NA,"PRODUCTION","PROCESSING",NA,"MEASURED IN $","TOTAL",NA,NA,"NOT SPECIFIED","(D)",NA
"161","SURVEY",2021,"YEAR","STATE","CALIFORNIA","06",NA,NA,NA,NA,"UTILIZED - PRODUCTION","PROCESSING",NA,"MEASURED IN CWT","TOTAL",NA,NA,"NOT SPECIFIED","(D)",NA
"162","SURVEY",2021,"YEAR","STATE","CALIFORNIA","06",NA,NA,NA,NA,"UTILIZED - PRODUCTION",NA,NA,"MEASURED IN CWT","TOTAL",NA,NA,"NOT SPECIFIED","25,024,700",NA
"163","SURVEY",2021,"YEAR","STATE","FLORIDA","12",NA,NA,NA,NA,"ACRES HARVESTED",NA,NA,NA,"TOTAL",NA,NA,"NOT SPECIFIED","12,300",NA
"164","SURVEY",2021,"YEAR","STATE","FLORIDA","12",NA,NA,NA,NA,"ACRES PLANTED",NA,NA,NA,"TOTAL",NA,NA,"NOT SPECIFIED","12,300",NA
"165","SURVEY",2021,"YEAR","STATE","FLORIDA","12",NA,NA,NA,NA,"PRODUCTION",NA,NA,NA,"TOTAL",NA,NA,"NOT SPECIFIED","451,681,000",NA
"166","SURVEY",2021,"YEAR","STATE","FLORIDA","12",NA,NA,NA,NA,"PRODUCTION",NA,NA,NA,"TOTAL",NA,NA,"NOT SPECIFIED","2,830,000",NA
"167","SURVEY",2021,"YEAR","STATE","FLORIDA","12",NA,NA,NA,NA,"YIELD",NA,NA,NA,"TOTAL",NA,NA,"NOT SPECIFIED","230",NA
"168","SURVEY",2021,"YEAR","STATE","FLORIDA","12",NA,NA,NA,NA,"PRODUCTION","FRESH MARKET",NA,"MEASURED IN $","TOTAL",NA,NA,"NOT SPECIFIED","(D)",NA
"169","SURVEY",2021,"YEAR","STATE","FLORIDA","12",NA,NA,NA,NA,"UTILIZED - PRODUCTION","FRESH MARKET",NA,"MEASURED IN CWT","TOTAL",NA,NA,"NOT SPECIFIED","(D)",NA
"170","SURVEY",2021,"YEAR","STATE","FLORIDA","12",NA,NA,NA,NA,"PRODUCTION","NOT SOLD",NA,"MEASURED IN CWT","TOTAL",NA,NA,"NOT SPECIFIED","0",NA
"171","SURVEY",2021,"YEAR","STATE","FLORIDA","12",NA,NA,NA,NA,"PRODUCTION","PROCESSING",NA,"MEASURED IN $","TOTAL",NA,NA,"NOT SPECIFIED","(D)",NA
"172","SURVEY",2021,"YEAR","STATE","FLORIDA","12",NA,NA,NA,NA,"UTILIZED - PRODUCTION","PROCESSING",NA,"MEASURED IN CWT","TOTAL",NA,NA,"NOT SPECIFIED","(D)",NA
"173","SURVEY",2021,"YEAR","STATE","FLORIDA","12",NA,NA,NA,NA,"UTILIZED - PRODUCTION",NA,NA,"MEASURED IN CWT","TOTAL",NA,NA,"NOT SPECIFIED","2,830,000",NA
"174","SURVEY",2021,"YEAR","STATE","OTHER STATES",NA,NA,NA,NA,NA,"ACRES HARVESTED",NA,NA,NA,"TOTAL",NA,NA,"NOT SPECIFIED","0",NA
"175","SURVEY",2021,"YEAR","STATE","OTHER STATES",NA,NA,NA,NA,NA,"ACRES PLANTED",NA,NA,NA,"TOTAL",NA,NA,"NOT SPECIFIED","0",NA
"176","SURVEY",2021,"YEAR","STATE","OTHER STATES",NA,NA,NA,NA,NA,"PRODUCTION",NA,NA,NA,"TOTAL",NA,NA,"NOT SPECIFIED","0",NA
"177","SURVEY",2021,"YEAR","STATE","OTHER STATES",NA,NA,NA,NA,NA,"PRODUCTION",NA,NA,NA,"TOTAL",NA,NA,"NOT SPECIFIED","0",NA
"178","SURVEY",2021,"YEAR","STATE","OTHER STATES",NA,NA,NA,NA,NA,"YIELD",NA,NA,NA,"TOTAL",NA,NA,"NOT SPECIFIED","0",NA
"179","SURVEY",2021,"YEAR","STATE","OTHER STATES",NA,NA,NA,NA,NA,"PRODUCTION","FRESH MARKET",NA,"MEASURED IN $","TOTAL",NA,NA,"NOT SPECIFIED","3,253,959,000",NA
"180","SURVEY",2021,"YEAR","STATE","OTHER STATES",NA,NA,NA,NA,NA,"UTILIZED - PRODUCTION","FRESH MARKET",NA,"MEASURED IN CWT","TOTAL",NA,NA,"NOT SPECIFIED","22,697,900",NA
"181","SURVEY",2021,"YEAR","STATE","OTHER STATES",NA,NA,NA,NA,NA,"PRODUCTION","NOT SOLD",NA,"MEASURED IN CWT","TOTAL",NA,NA,"NOT SPECIFIED","0",NA
"182","SURVEY",2021,"YEAR","STATE","OTHER STATES",NA,NA,NA,NA,NA,"PRODUCTION","PROCESSING",NA,"MEASURED IN $","TOTAL",NA,NA,"NOT SPECIFIED","330,001,000",NA
"183","SURVEY",2021,"YEAR","STATE","OTHER STATES",NA,NA,NA,NA,NA,"UTILIZED - PRODUCTION","PROCESSING",NA,"MEASURED IN CWT","TOTAL",NA,NA,"NOT SPECIFIED","5,156,800",NA
"184","SURVEY",2021,"YEAR","STATE","OTHER STATES",NA,NA,NA,NA,NA,"UTILIZED - PRODUCTION",NA,NA,"MEASURED IN CWT","TOTAL",NA,NA,"NOT SPECIFIED","0",NA
"185","SURVEY",2020,"MARKETING YEAR","NATIONAL","US TOTAL",NA,NA,NA,NA,NA,"PRICE RECEIVED",NA,NA,NA,"TOTAL",NA,NA,"NOT SPECIFIED","97.1",NA
"186","SURVEY",2020,"MARKETING YEAR","NATIONAL","US TOTAL",NA,NA,NA,NA,NA,"PRICE RECEIVED","FRESH MARKET",NA,"MEASURED IN $ / CWT","TOTAL",NA,NA,"NOT SPECIFIED","111",NA
"187","SURVEY",2020,"MARKETING YEAR","NATIONAL","US TOTAL",NA,NA,NA,NA,NA,"PRICE RECEIVED","PROCESSING",NA,"MEASURED IN $ / CWT","TOTAL",NA,NA,"NOT SPECIFIED","38.1",NA
"188","SURVEY",2020,"MARKETING YEAR","STATE","CALIFORNIA","06",NA,NA,NA,NA,"PRICE RECEIVED",NA,NA,NA,"TOTAL",NA,NA,"NOT SPECIFIED","93.1",NA
"189","SURVEY",2020,"MARKETING YEAR","STATE","CALIFORNIA","06",NA,NA,NA,NA,"PRICE RECEIVED","FRESH MARKET",NA,"MEASURED IN $ / CWT","TOTAL",NA,NA,"NOT SPECIFIED","(D)",NA
"190","SURVEY",2020,"MARKETING YEAR","STATE","CALIFORNIA","06",NA,NA,NA,NA,"PRICE RECEIVED","PROCESSING",NA,"MEASURED IN $ / CWT","TOTAL",NA,NA,"NOT SPECIFIED","(D)",NA
"191","SURVEY",2020,"MARKETING YEAR","STATE","FLORIDA","12",NA,NA,NA,NA,"PRICE RECEIVED",NA,NA,NA,"TOTAL",NA,NA,"NOT SPECIFIED","139",NA
"192","SURVEY",2020,"MARKETING YEAR","STATE","FLORIDA","12",NA,NA,NA,NA,"PRICE RECEIVED","FRESH MARKET",NA,"MEASURED IN $ / CWT","TOTAL",NA,NA,"NOT SPECIFIED","(D)",NA
"193","SURVEY",2020,"MARKETING YEAR","STATE","FLORIDA","12",NA,NA,NA,NA,"PRICE RECEIVED","PROCESSING",NA,"MEASURED IN $ / CWT","TOTAL",NA,NA,"NOT SPECIFIED","(D)",NA
"194","SURVEY",2020,"MARKETING YEAR","STATE","OTHER STATES",NA,NA,NA,NA,NA,"PRICE RECEIVED",NA,NA,NA,"TOTAL",NA,NA,"NOT SPECIFIED","0",NA
"195","SURVEY",2020,"MARKETING YEAR","STATE","OTHER STATES",NA,NA,NA,NA,NA,"PRICE RECEIVED","FRESH MARKET",NA,"MEASURED IN $ / CWT","TOTAL",NA,NA,"NOT SPECIFIED","111",NA
"196","SURVEY",2020,"MARKETING YEAR","STATE","OTHER STATES",NA,NA,NA,NA,NA,"PRICE RECEIVED","PROCESSING",NA,"MEASURED IN $ / CWT","TOTAL",NA,NA,"NOT SPECIFIED","38.1",NA
"197","SURVEY",2020,"YEAR","NATIONAL","US TOTAL",NA,NA,NA,NA,NA,"ACRES HARVESTED",NA,NA,NA,"TOTAL",NA,NA,"NOT SPECIFIED","49,300",NA
"198","SURVEY",2020,"YEAR","NATIONAL","US TOTAL",NA,NA,NA,NA,NA,"ACRES PLANTED",NA,NA,NA,"TOTAL",NA,NA,"NOT SPECIFIED","49,700",NA
"199","SURVEY",2020,"YEAR","NATIONAL","US TOTAL",NA,NA,NA,NA,NA,"PRODUCTION",NA,NA,NA,"TOTAL",NA,NA,"NOT SPECIFIED","2,591,759,000",NA
"200","SURVEY",2020,"YEAR","NATIONAL","US TOTAL",NA,NA,NA,NA,NA,"PRODUCTION",NA,NA,NA,"TOTAL",NA,NA,"NOT SPECIFIED","26,740,000",NA
"201","SURVEY",2020,"YEAR","NATIONAL","US TOTAL",NA,NA,NA,NA,NA,"PRODUCTION",NA,NA,NA,"TOTAL",NA,NA,"NOT SPECIFIED","1,337,000",NA
"202","SURVEY",2020,"YEAR","NATIONAL","US TOTAL",NA,NA,NA,NA,NA,"YIELD",NA,NA,NA,"TOTAL",NA,NA,"NOT SPECIFIED","542",NA
"203","SURVEY",2020,"YEAR","NATIONAL","US TOTAL",NA,NA,NA,NA,NA,"YIELD",NA,NA,NA,"TOTAL",NA,NA,"NOT SPECIFIED","27.12",NA
"204","SURVEY",2020,"YEAR","NATIONAL","US TOTAL",NA,NA,NA,NA,NA,"PRODUCTION","FRESH MARKET",NA,"MEASURED IN $","TOTAL",NA,NA,"NOT SPECIFIED","2,404,152,000",NA
"205","SURVEY",2020,"YEAR","NATIONAL","US TOTAL",NA,NA,NA,NA,NA,"UTILIZED - PRODUCTION","FRESH MARKET",NA,"MEASURED IN CWT","TOTAL",NA,NA,"NOT SPECIFIED","21,756,400",NA
"206","SURVEY",2020,"YEAR","NATIONAL","US TOTAL",NA,NA,NA,NA,NA,"PRODUCTION","NOT SOLD",NA,"MEASURED IN CWT","TOTAL",NA,NA,"NOT SPECIFIED","55,800",NA
"207","SURVEY",2020,"YEAR","NATIONAL","US TOTAL",NA,NA,NA,NA,NA,"PRODUCTION","PROCESSING",NA,"MEASURED IN $","TOTAL",NA,NA,"NOT SPECIFIED","187,607,000",NA
"208","SURVEY",2020,"YEAR","NATIONAL","US TOTAL",NA,NA,NA,NA,NA,"UTILIZED - PRODUCTION","PROCESSING",NA,"MEASURED IN CWT","TOTAL",NA,NA,"NOT SPECIFIED","4,927,800",NA
"209","SURVEY",2020,"YEAR","NATIONAL","US TOTAL",NA,NA,NA,NA,NA,"UTILIZED - PRODUCTION",NA,NA,"MEASURED IN CWT","TOTAL",NA,NA,"NOT SPECIFIED","26,684,200",NA
"210","SURVEY",2020,"YEAR","NATIONAL","US TOTAL",NA,NA,NA,NA,NA,"UTILIZED - PRODUCTION",NA,NA,"MEASURED IN TONS","TOTAL",NA,NA,"NOT SPECIFIED","1,334,210",NA
"211","SURVEY",2020,"YEAR","STATE","CALIFORNIA","06",NA,NA,NA,NA,"ACRES HARVESTED",NA,NA,NA,"TOTAL",NA,NA,"NOT SPECIFIED","37,600",NA
"212","SURVEY",2020,"YEAR","STATE","CALIFORNIA","06",NA,NA,NA,NA,"ACRES PLANTED",NA,NA,NA,"TOTAL",NA,NA,"NOT SPECIFIED","38,000",NA
"213","SURVEY",2020,"YEAR","STATE","CALIFORNIA","06",NA,NA,NA,NA,"PRODUCTION",NA,NA,NA,"TOTAL",NA,NA,"NOT SPECIFIED","2,267,175,000",NA
"214","SURVEY",2020,"YEAR","STATE","CALIFORNIA","06",NA,NA,NA,NA,"PRODUCTION",NA,NA,NA,"TOTAL",NA,NA,"NOT SPECIFIED","24,400,000",NA
"215","SURVEY",2020,"YEAR","STATE","CALIFORNIA","06",NA,NA,NA,NA,"YIELD",NA,NA,NA,"TOTAL",NA,NA,"NOT SPECIFIED","650",NA
"216","SURVEY",2020,"YEAR","STATE","CALIFORNIA","06",NA,NA,NA,NA,"PRODUCTION","FRESH MARKET",NA,"MEASURED IN $","TOTAL",NA,NA,"NOT SPECIFIED","(D)",NA
"217","SURVEY",2020,"YEAR","STATE","CALIFORNIA","06",NA,NA,NA,NA,"UTILIZED - PRODUCTION","FRESH MARKET",NA,"MEASURED IN CWT","TOTAL",NA,NA,"NOT SPECIFIED","(D)",NA
"218","SURVEY",2020,"YEAR","STATE","CALIFORNIA","06",NA,NA,NA,NA,"PRODUCTION","NOT SOLD",NA,"MEASURED IN CWT","TOTAL",NA,NA,"NOT SPECIFIED","48,800",NA
"219","SURVEY",2020,"YEAR","STATE","CALIFORNIA","06",NA,NA,NA,NA,"PRODUCTION","PROCESSING",NA,"MEASURED IN $","TOTAL",NA,NA,"NOT SPECIFIED","(D)",NA
"220","SURVEY",2020,"YEAR","STATE","CALIFORNIA","06",NA,NA,NA,NA,"UTILIZED - PRODUCTION","PROCESSING",NA,"MEASURED IN CWT","TOTAL",NA,NA,"NOT SPECIFIED","(D)",NA
"221","SURVEY",2020,"YEAR","STATE","CALIFORNIA","06",NA,NA,NA,NA,"UTILIZED - PRODUCTION",NA,NA,"MEASURED IN CWT","TOTAL",NA,NA,"NOT SPECIFIED","24,351,200",NA
"222","SURVEY",2020,"YEAR","STATE","FLORIDA","12",NA,NA,NA,NA,"ACRES HARVESTED",NA,NA,NA,"TOTAL",NA,NA,"NOT SPECIFIED","11,700",NA
"223","SURVEY",2020,"YEAR","STATE","FLORIDA","12",NA,NA,NA,NA,"ACRES PLANTED",NA,NA,NA,"TOTAL",NA,NA,"NOT SPECIFIED","11,700",NA
"224","SURVEY",2020,"YEAR","STATE","FLORIDA","12",NA,NA,NA,NA,"PRODUCTION",NA,NA,NA,"TOTAL",NA,NA,"NOT SPECIFIED","324,584,000",NA
"225","SURVEY",2020,"YEAR","STATE","FLORIDA","12",NA,NA,NA,NA,"PRODUCTION",NA,NA,NA,"TOTAL",NA,NA,"NOT SPECIFIED","2,340,000",NA
"226","SURVEY",2020,"YEAR","STATE","FLORIDA","12",NA,NA,NA,NA,"YIELD",NA,NA,NA,"TOTAL",NA,NA,"NOT SPECIFIED","200",NA
"227","SURVEY",2020,"YEAR","STATE","FLORIDA","12",NA,NA,NA,NA,"PRODUCTION","FRESH MARKET",NA,"MEASURED IN $","TOTAL",NA,NA,"NOT SPECIFIED","(D)",NA
"228","SURVEY",2020,"YEAR","STATE","FLORIDA","12",NA,NA,NA,NA,"UTILIZED - PRODUCTION","FRESH MARKET",NA,"MEASURED IN CWT","TOTAL",NA,NA,"NOT SPECIFIED","(D)",NA
"229","SURVEY",2020,"YEAR","STATE","FLORIDA","12",NA,NA,NA,NA,"PRODUCTION","NOT SOLD",NA,"MEASURED IN CWT","TOTAL",NA,NA,"NOT SPECIFIED","7,000",NA
"230","SURVEY",2020,"YEAR","STATE","FLORIDA","12",NA,NA,NA,NA,"PRODUCTION","PROCESSING",NA,"MEASURED IN $","TOTAL",NA,NA,"NOT SPECIFIED","(D)",NA
"231","SURVEY",2020,"YEAR","STATE","FLORIDA","12",NA,NA,NA,NA,"UTILIZED - PRODUCTION","PROCESSING",NA,"MEASURED IN CWT","TOTAL",NA,NA,"NOT SPECIFIED","(D)",NA
"232","SURVEY",2020,"YEAR","STATE","FLORIDA","12",NA,NA,NA,NA,"UTILIZED - PRODUCTION",NA,NA,"MEASURED IN CWT","TOTAL",NA,NA,"NOT SPECIFIED","2,333,000",NA
"233","SURVEY",2020,"YEAR","STATE","OTHER STATES",NA,NA,NA,NA,NA,"ACRES HARVESTED",NA,NA,NA,"TOTAL",NA,NA,"NOT SPECIFIED","0",NA
"234","SURVEY",2020,"YEAR","STATE","OTHER STATES",NA,NA,NA,NA,NA,"ACRES PLANTED",NA,NA,NA,"TOTAL",NA,NA,"NOT SPECIFIED","0",NA
"235","SURVEY",2020,"YEAR","STATE","OTHER STATES",NA,NA,NA,NA,NA,"PRODUCTION",NA,NA,NA,"TOTAL",NA,NA,"NOT SPECIFIED","0",NA
"236","SURVEY",2020,"YEAR","STATE","OTHER STATES",NA,NA,NA,NA,NA,"PRODUCTION",NA,NA,NA,"TOTAL",NA,NA,"NOT SPECIFIED","0",NA
"237","SURVEY",2020,"YEAR","STATE","OTHER STATES",NA,NA,NA,NA,NA,"YIELD",NA,NA,NA,"TOTAL",NA,NA,"NOT SPECIFIED","0",NA
"238","SURVEY",2020,"YEAR","STATE","OTHER STATES",NA,NA,NA,NA,NA,"PRODUCTION","FRESH MARKET",NA,"MEASURED IN $","TOTAL",NA,NA,"NOT SPECIFIED","2,404,152,000",NA
"239","SURVEY",2020,"YEAR","STATE","OTHER STATES",NA,NA,NA,NA,NA,"UTILIZED - PRODUCTION","FRESH MARKET",NA,"MEASURED IN CWT","TOTAL",NA,NA,"NOT SPECIFIED","21,756,400",NA
"240","SURVEY",2020,"YEAR","STATE","OTHER STATES",NA,NA,NA,NA,NA,"PRODUCTION","NOT SOLD",NA,"MEASURED IN CWT","TOTAL",NA,NA,"NOT SPECIFIED","0",NA
"241","SURVEY",2020,"YEAR","STATE","OTHER STATES",NA,NA,NA,NA,NA,"PRODUCTION","PROCESSING",NA,"MEASURED IN $","TOTAL",NA,NA,"NOT SPECIFIED","187,607,000",NA
"242","SURVEY",2020,"YEAR","STATE","OTHER STATES",NA,NA,NA,NA,NA,"UTILIZED - PRODUCTION","PROCESSING",NA,"MEASURED IN CWT","TOTAL",NA,NA,"NOT SPECIFIED","4,927,800",NA
"243","SURVEY",2020,"YEAR","STATE","OTHER STATES",NA,NA,NA,NA,NA,"UTILIZED - PRODUCTION",NA,NA,"MEASURED IN CWT","TOTAL",NA,NA,"NOT SPECIFIED","0",NA
"244","SURVEY",2019,"MARKETING YEAR","NATIONAL","US TOTAL",NA,NA,NA,NA,NA,"PRICE RECEIVED",NA,NA,NA,"TOTAL",NA,NA,"NOT SPECIFIED","115",NA
"245","SURVEY",2019,"MARKETING YEAR","NATIONAL","US TOTAL",NA,NA,NA,NA,NA,"PRICE RECEIVED","FRESH MARKET",NA,"MEASURED IN $ / CWT","TOTAL",NA,NA,"NOT SPECIFIED","130",NA
"246","SURVEY",2019,"MARKETING YEAR","NATIONAL","US TOTAL",NA,NA,NA,NA,NA,"PRICE RECEIVED","PROCESSING",NA,"MEASURED IN $ / CWT","TOTAL",NA,NA,"NOT SPECIFIED","52.8",NA
"247","SURVEY",2019,"MARKETING YEAR","STATE","CALIFORNIA","06",NA,NA,NA,NA,"PRICE RECEIVED",NA,NA,NA,"TOTAL",NA,NA,"NOT SPECIFIED","110",NA
"248","SURVEY",2019,"MARKETING YEAR","STATE","CALIFORNIA","06",NA,NA,NA,NA,"PRICE RECEIVED","FRESH MARKET",NA,"MEASURED IN $ / CWT","TOTAL",NA,NA,"NOT SPECIFIED","(D)",NA
"249","SURVEY",2019,"MARKETING YEAR","STATE","CALIFORNIA","06",NA,NA,NA,NA,"PRICE RECEIVED","PROCESSING",NA,"MEASURED IN $ / CWT","TOTAL",NA,NA,"NOT SPECIFIED","(D)",NA
"250","SURVEY",2019,"MARKETING YEAR","STATE","FLORIDA","12",NA,NA,NA,NA,"PRICE RECEIVED",NA,NA,NA,"TOTAL",NA,NA,"NOT SPECIFIED","152",NA
"251","SURVEY",2019,"MARKETING YEAR","STATE","FLORIDA","12",NA,NA,NA,NA,"PRICE RECEIVED","FRESH MARKET",NA,"MEASURED IN $ / CWT","TOTAL",NA,NA,"NOT SPECIFIED","(D)",NA
"252","SURVEY",2019,"MARKETING YEAR","STATE","FLORIDA","12",NA,NA,NA,NA,"PRICE RECEIVED","PROCESSING",NA,"MEASURED IN $ / CWT","TOTAL",NA,NA,"NOT SPECIFIED","(D)",NA
"253","SURVEY",2019,"MARKETING YEAR","STATE","OTHER STATES",NA,NA,NA,NA,NA,"PRICE RECEIVED","FRESH MARKET",NA,"MEASURED IN $ / CWT","TOTAL",NA,NA,"NOT SPECIFIED","130",NA
"254","SURVEY",2019,"MARKETING YEAR","STATE","OTHER STATES",NA,NA,NA,NA,NA,"PRICE RECEIVED","PROCESSING",NA,"MEASURED IN $ / CWT","TOTAL",NA,NA,"NOT SPECIFIED","52.8",NA
"255","SURVEY",2019,"YEAR","NATIONAL","US TOTAL",NA,NA,NA,NA,NA,"ACRES HARVESTED",NA,NA,NA,"TOTAL",NA,NA,"NOT SPECIFIED","45,400",NA
"256","SURVEY",2019,"YEAR","NATIONAL","US TOTAL",NA,NA,NA,NA,NA,"ACRES PLANTED",NA,NA,NA,"TOTAL",NA,NA,"NOT SPECIFIED","45,800",NA
"257","SURVEY",2019,"YEAR","NATIONAL","US TOTAL",NA,NA,NA,NA,NA,"PRODUCTION",NA,NA,NA,"TOTAL",NA,NA,"NOT SPECIFIED","2,749,961,000",NA
"258","SURVEY",2019,"YEAR","NATIONAL","US TOTAL",NA,NA,NA,NA,NA,"PRODUCTION",NA,NA,NA,"TOTAL",NA,NA,"NOT SPECIFIED","23,980,000",NA
"259","SURVEY",2019,"YEAR","NATIONAL","US TOTAL",NA,NA,NA,NA,NA,"PRODUCTION",NA,NA,NA,"TOTAL",NA,NA,"NOT SPECIFIED","1,199,000",NA
"260","SURVEY",2019,"YEAR","NATIONAL","US TOTAL",NA,NA,NA,NA,NA,"YIELD",NA,NA,NA,"TOTAL",NA,NA,"NOT SPECIFIED","528",NA
"261","SURVEY",2019,"YEAR","NATIONAL","US TOTAL",NA,NA,NA,NA,NA,"YIELD",NA,NA,NA,"TOTAL",NA,NA,"NOT SPECIFIED","26.41",NA
"262","SURVEY",2019,"YEAR","NATIONAL","US TOTAL",NA,NA,NA,NA,NA,"PRODUCTION","FRESH MARKET",NA,"MEASURED IN $","TOTAL",NA,NA,"NOT SPECIFIED","2,501,482,000",NA
"263","SURVEY",2019,"YEAR","NATIONAL","US TOTAL",NA,NA,NA,NA,NA,"UTILIZED - PRODUCTION","FRESH MARKET",NA,"MEASURED IN CWT","TOTAL",NA,NA,"NOT SPECIFIED","19,251,000",NA
"264","SURVEY",2019,"YEAR","NATIONAL","US TOTAL",NA,NA,NA,NA,NA,"PRODUCTION","NOT SOLD",NA,"MEASURED IN CWT","TOTAL",NA,NA,"NOT SPECIFIED","21,300",NA
"265","SURVEY",2019,"YEAR","NATIONAL","US TOTAL",NA,NA,NA,NA,NA,"PRODUCTION","PROCESSING",NA,"MEASURED IN $","TOTAL",NA,NA,"NOT SPECIFIED","248,479,000",NA
"266","SURVEY",2019,"YEAR","NATIONAL","US TOTAL",NA,NA,NA,NA,NA,"UTILIZED - PRODUCTION","PROCESSING",NA,"MEASURED IN CWT","TOTAL",NA,NA,"NOT SPECIFIED","4,707,700",NA
"267","SURVEY",2019,"YEAR","NATIONAL","US TOTAL",NA,NA,NA,NA,NA,"UTILIZED - PRODUCTION",NA,NA,"MEASURED IN CWT","TOTAL",NA,NA,"NOT SPECIFIED","23,958,700",NA
"268","SURVEY",2019,"YEAR","NATIONAL","US TOTAL",NA,NA,NA,NA,NA,"UTILIZED - PRODUCTION",NA,NA,"MEASURED IN TONS","TOTAL",NA,NA,"NOT SPECIFIED","1,197,935",NA
"269","SURVEY",2019,"YEAR","STATE","CALIFORNIA","06",NA,NA,NA,NA,"ACRES HARVESTED",NA,NA,NA,"TOTAL",NA,NA,"NOT SPECIFIED","34,900",NA
"270","SURVEY",2019,"YEAR","STATE","CALIFORNIA","06",NA,NA,NA,NA,"ACRES PLANTED",NA,NA,NA,"TOTAL",NA,NA,"NOT SPECIFIED","35,300",NA
"271","SURVEY",2019,"YEAR","STATE","CALIFORNIA","06",NA,NA,NA,NA,"PRODUCTION",NA,NA,NA,"TOTAL",NA,NA,"NOT SPECIFIED","2,342,148,000",NA
"272","SURVEY",2019,"YEAR","STATE","CALIFORNIA","06",NA,NA,NA,NA,"PRODUCTION",NA,NA,NA,"TOTAL",NA,NA,"NOT SPECIFIED","21,300,000",NA
"273","SURVEY",2019,"YEAR","STATE","CALIFORNIA","06",NA,NA,NA,NA,"YIELD",NA,NA,NA,"TOTAL",NA,NA,"NOT SPECIFIED","610",NA
"274","SURVEY",2019,"YEAR","STATE","CALIFORNIA","06",NA,NA,NA,NA,"PRODUCTION","FRESH MARKET",NA,"MEASURED IN $","TOTAL",NA,NA,"NOT SPECIFIED","(D)",NA
"275","SURVEY",2019,"YEAR","STATE","CALIFORNIA","06",NA,NA,NA,NA,"UTILIZED - PRODUCTION","FRESH MARKET",NA,"MEASURED IN CWT","TOTAL",NA,NA,"NOT SPECIFIED","(D)",NA
"276","SURVEY",2019,"YEAR","STATE","CALIFORNIA","06",NA,NA,NA,NA,"PRODUCTION","NOT SOLD",NA,"MEASURED IN CWT","TOTAL",NA,NA,"NOT SPECIFIED","21,300",NA
"277","SURVEY",2019,"YEAR","STATE","CALIFORNIA","06",NA,NA,NA,NA,"PRODUCTION","PROCESSING",NA,"MEASURED IN $","TOTAL",NA,NA,"NOT SPECIFIED","(D)",NA
"278","SURVEY",2019,"YEAR","STATE","CALIFORNIA","06",NA,NA,NA,NA,"UTILIZED - PRODUCTION","PROCESSING",NA,"MEASURED IN CWT","TOTAL",NA,NA,"NOT SPECIFIED","(D)",NA
"279","SURVEY",2019,"YEAR","STATE","CALIFORNIA","06",NA,NA,NA,NA,"UTILIZED - PRODUCTION",NA,NA,"MEASURED IN CWT","TOTAL",NA,NA,"NOT SPECIFIED","21,278,700",NA
"280","SURVEY",2019,"YEAR","STATE","FLORIDA","12",NA,NA,NA,NA,"ACRES HARVESTED",NA,NA,NA,"TOTAL",NA,NA,"NOT SPECIFIED","10,500",NA
"281","SURVEY",2019,"YEAR","STATE","FLORIDA","12",NA,NA,NA,NA,"ACRES PLANTED",NA,NA,NA,"TOTAL",NA,NA,"NOT SPECIFIED","10,500",NA
"282","SURVEY",2019,"YEAR","STATE","FLORIDA","12",NA,NA,NA,NA,"PRODUCTION",NA,NA,NA,"TOTAL",NA,NA,"NOT SPECIFIED","407,813,000",NA
"283","SURVEY",2019,"YEAR","STATE","FLORIDA","12",NA,NA,NA,NA,"PRODUCTION",NA,NA,NA,"TOTAL",NA,NA,"NOT SPECIFIED","2,680,000",NA
"284","SURVEY",2019,"YEAR","STATE","FLORIDA","12",NA,NA,NA,NA,"YIELD",NA,NA,NA,"TOTAL",NA,NA,"NOT SPECIFIED","255",NA
"285","SURVEY",2019,"YEAR","STATE","FLORIDA","12",NA,NA,NA,NA,"PRODUCTION","FRESH MARKET",NA,"MEASURED IN $","TOTAL",NA,NA,"NOT SPECIFIED","(D)",NA
"286","SURVEY",2019,"YEAR","STATE","FLORIDA","12",NA,NA,NA,NA,"UTILIZED - PRODUCTION","FRESH MARKET",NA,"MEASURED IN CWT","TOTAL",NA,NA,"NOT SPECIFIED","(D)",NA
"287","SURVEY",2019,"YEAR","STATE","FLORIDA","12",NA,NA,NA,NA,"PRODUCTION","NOT SOLD",NA,"MEASURED IN CWT","TOTAL",NA,NA,"NOT SPECIFIED","0",NA
"288","SURVEY",2019,"YEAR","STATE","FLORIDA","12",NA,NA,NA,NA,"PRODUCTION","PROCESSING",NA,"MEASURED IN $","TOTAL",NA,NA,"NOT SPECIFIED","(D)",NA
"289","SURVEY",2019,"YEAR","STATE","FLORIDA","12",NA,NA,NA,NA,"UTILIZED - PRODUCTION","PROCESSING",NA,"MEASURED IN CWT","TOTAL",NA,NA,"NOT SPECIFIED","(D)",NA
"290","SURVEY",2019,"YEAR","STATE","FLORIDA","12",NA,NA,NA,NA,"UTILIZED - PRODUCTION",NA,NA,"MEASURED IN CWT","TOTAL",NA,NA,"NOT SPECIFIED","2,680,000",NA
"291","SURVEY",2019,"YEAR","STATE","OTHER STATES",NA,NA,NA,NA,NA,"PRODUCTION","FRESH MARKET",NA,"MEASURED IN $","TOTAL",NA,NA,"NOT SPECIFIED","2,501,482,000",NA
"292","SURVEY",2019,"YEAR","STATE","OTHER STATES",NA,NA,NA,NA,NA,"UTILIZED - PRODUCTION","FRESH MARKET",NA,"MEASURED IN CWT","TOTAL",NA,NA,"NOT SPECIFIED","19,251,000",NA
"293","SURVEY",2019,"YEAR","STATE","OTHER STATES",NA,NA,NA,NA,NA,"PRODUCTION","PROCESSING",NA,"MEASURED IN $","TOTAL",NA,NA,"NOT SPECIFIED","248,479,000",NA
"294","SURVEY",2019,"YEAR","STATE","OTHER STATES",NA,NA,NA,NA,NA,"UTILIZED - PRODUCTION","PROCESSING",NA,"MEASURED IN CWT","TOTAL",NA,NA,"NOT SPECIFIED","4,707,700",NA
"295","SURVEY",2018,"MARKETING YEAR","NATIONAL","US TOTAL",NA,NA,NA,NA,NA,"PRICE RECEIVED",NA,NA,NA,"TOTAL",NA,NA,"NOT SPECIFIED","93.5",NA
"296","SURVEY",2018,"MARKETING YEAR","NATIONAL","US TOTAL",NA,NA,NA,NA,NA,"PRICE RECEIVED","FRESH MARKET",NA,"MEASURED IN $ / CWT","TOTAL",NA,NA,"NOT SPECIFIED","106",NA
"297","SURVEY",2018,"MARKETING YEAR","NATIONAL","US TOTAL",NA,NA,NA,NA,NA,"PRICE RECEIVED","PROCESSING",NA,"MEASURED IN $ / CWT","TOTAL",NA,NA,"NOT SPECIFIED","43.7",NA
"298","SURVEY",2018,"MARKETING YEAR","NATIONAL","US TOTAL",NA,NA,NA,NA,NA,"PRICE RECEIVED","PROCESSING",NA,"MEASURED IN $ / TON","TOTAL",NA,NA,"NOT SPECIFIED","760",NA
"299","SURVEY",2018,"MARKETING YEAR","STATE","CALIFORNIA","06",NA,NA,NA,NA,"PRICE RECEIVED",NA,NA,NA,"TOTAL",NA,NA,"NOT SPECIFIED","90.9",NA
"300","SURVEY",2018,"MARKETING YEAR","STATE","CALIFORNIA","06",NA,NA,NA,NA,"PRICE RECEIVED","FRESH MARKET",NA,"MEASURED IN $ / CWT","TOTAL",NA,NA,"NOT SPECIFIED","104",NA
"301","SURVEY",2018,"MARKETING YEAR","STATE","CALIFORNIA","06",NA,NA,NA,NA,"PRICE RECEIVED","PROCESSING",NA,"MEASURED IN $ / CWT","TOTAL",NA,NA,"NOT SPECIFIED","42.2",NA
"302","SURVEY",2018,"MARKETING YEAR","STATE","CALIFORNIA","06",NA,NA,NA,NA,"PRICE RECEIVED","PROCESSING",NA,"MEASURED IN $ / TON","TOTAL",NA,NA,"NOT SPECIFIED","730",NA
"303","SURVEY",2018,"MARKETING YEAR","STATE","FLORIDA","12",NA,NA,NA,NA,"PRICE RECEIVED",NA,NA,NA,"TOTAL",NA,NA,"NOT SPECIFIED","115",NA
"304","SURVEY",2018,"MARKETING YEAR","STATE","FLORIDA","12",NA,NA,NA,NA,"PRICE RECEIVED","FRESH MARKET",NA,"MEASURED IN $ / CWT","TOTAL",NA,NA,"NOT SPECIFIED","115",NA
"305","SURVEY",2018,"MARKETING YEAR","STATE","FLORIDA","12",NA,NA,NA,NA,"PRICE RECEIVED","PROCESSING",NA,"MEASURED IN $ / CWT","TOTAL",NA,NA,"NOT SPECIFIED","0",NA
"306","SURVEY",2018,"MARKETING YEAR","STATE","FLORIDA","12",NA,NA,NA,NA,"PRICE RECEIVED","PROCESSING",NA,"MEASURED IN $ / TON","TOTAL",NA,NA,"NOT SPECIFIED","0",NA
"307","SURVEY",2018,"MARKETING YEAR","STATE","NEW YORK","36",NA,NA,NA,NA,"PRICE RECEIVED",NA,NA,NA,"TOTAL",NA,NA,"NOT SPECIFIED","204",NA
"308","SURVEY",2018,"MARKETING YEAR","STATE","NEW YORK","36",NA,NA,NA,NA,"PRICE RECEIVED","FRESH MARKET",NA,"MEASURED IN $ / CWT","TOTAL",NA,NA,"NOT SPECIFIED","(D)",NA
"309","SURVEY",2018,"MARKETING YEAR","STATE","NEW YORK","36",NA,NA,NA,NA,"PRICE RECEIVED","PROCESSING",NA,"MEASURED IN $ / CWT","TOTAL",NA,NA,"NOT SPECIFIED","(D)",NA
"310","SURVEY",2018,"MARKETING YEAR","STATE","NORTH CAROLINA","37",NA,NA,NA,NA,"PRICE RECEIVED",NA,NA,NA,"TOTAL",NA,NA,"NOT SPECIFIED","171",NA
"311","SURVEY",2018,"MARKETING YEAR","STATE","NORTH CAROLINA","37",NA,NA,NA,NA,"PRICE RECEIVED","FRESH MARKET",NA,"MEASURED IN $ / CWT","TOTAL",NA,NA,"NOT SPECIFIED","171",NA
"312","SURVEY",2018,"MARKETING YEAR","STATE","NORTH CAROLINA","37",NA,NA,NA,NA,"PRICE RECEIVED","PROCESSING",NA,"MEASURED IN $ / CWT","TOTAL",NA,NA,"NOT SPECIFIED","0",NA
"313","SURVEY",2018,"MARKETING YEAR","STATE","NORTH CAROLINA","37",NA,NA,NA,NA,"PRICE RECEIVED","PROCESSING",NA,"MEASURED IN $ / TON","TOTAL",NA,NA,"NOT SPECIFIED","0",NA
"314","SURVEY",2018,"MARKETING YEAR","STATE","OREGON","41",NA,NA,NA,NA,"PRICE RECEIVED",NA,NA,NA,"TOTAL",NA,NA,"NOT SPECIFIED","107",NA
"315","SURVEY",2018,"MARKETING YEAR","STATE","OREGON","41",NA,NA,NA,NA,"PRICE RECEIVED","FRESH MARKET",NA,"MEASURED IN $ / CWT","TOTAL",NA,NA,"NOT SPECIFIED","(D)",NA
"316","SURVEY",2018,"MARKETING YEAR","STATE","OREGON","41",NA,NA,NA,NA,"PRICE RECEIVED","PROCESSING",NA,"MEASURED IN $ / CWT","TOTAL",NA,NA,"NOT SPECIFIED","(D)",NA
"317","SURVEY",2018,"MARKETING YEAR","STATE","OTHER STATES",NA,NA,NA,NA,NA,"PRICE RECEIVED","FRESH MARKET",NA,"MEASURED IN $ / CWT","TOTAL",NA,NA,"NOT SPECIFIED","212",NA
"318","SURVEY",2018,"MARKETING YEAR","STATE","OTHER STATES",NA,NA,NA,NA,NA,"PRICE RECEIVED","PROCESSING",NA,"MEASURED IN $ / CWT","TOTAL",NA,NA,"NOT SPECIFIED","88",NA
"319","SURVEY",2018,"MARKETING YEAR","STATE","WASHINGTON","53",NA,NA,NA,NA,"PRICE RECEIVED",NA,NA,NA,"TOTAL",NA,NA,"NOT SPECIFIED","107",NA
"320","SURVEY",2018,"MARKETING YEAR","STATE","WASHINGTON","53",NA,NA,NA,NA,"PRICE RECEIVED","FRESH MARKET",NA,"MEASURED IN $ / CWT","TOTAL",NA,NA,"NOT SPECIFIED","(D)",NA
"321","SURVEY",2018,"MARKETING YEAR","STATE","WASHINGTON","53",NA,NA,NA,NA,"PRICE RECEIVED","PROCESSING",NA,"MEASURED IN $ / CWT","TOTAL",NA,NA,"NOT SPECIFIED","(D)",NA
"322","SURVEY",2018,"YEAR","NATIONAL","US TOTAL",NA,NA,NA,NA,NA,"ACRES HARVESTED",NA,NA,NA,"TOTAL",NA,NA,"NOT SPECIFIED","49,320",NA
"323","SURVEY",2018,"YEAR","NATIONAL","US TOTAL",NA,NA,NA,NA,NA,"ACRES PLANTED",NA,NA,NA,"TOTAL",NA,NA,"NOT SPECIFIED","49,800",NA
"324","SURVEY",2018,"YEAR","NATIONAL","US TOTAL",NA,NA,NA,NA,NA,"PRODUCTION",NA,NA,NA,"TOTAL",NA,NA,"NOT SPECIFIED","2,472,447,000",NA
"325","SURVEY",2018,"YEAR","NATIONAL","US TOTAL",NA,NA,NA,NA,NA,"PRODUCTION",NA,NA,NA,"TOTAL",NA,NA,"NOT SPECIFIED","26,480,000",NA
"326","SURVEY",2018,"YEAR","NATIONAL","US TOTAL",NA,NA,NA,NA,NA,"YIELD",NA,NA,NA,"TOTAL",NA,NA,"NOT SPECIFIED","537",NA
"327","SURVEY",2018,"YEAR","NATIONAL","US TOTAL",NA,NA,NA,NA,NA,"PRODUCTION","FRESH MARKET",NA,"MEASURED IN $","TOTAL",NA,NA,"NOT SPECIFIED","2,242,706,000",NA
"328","SURVEY",2018,"YEAR","NATIONAL","US TOTAL",NA,NA,NA,NA,NA,"UTILIZED - PRODUCTION","FRESH MARKET",NA,"MEASURED IN CWT","TOTAL",NA,NA,"NOT SPECIFIED","21,196,100",NA
"329","SURVEY",2018,"YEAR","NATIONAL","US TOTAL",NA,NA,NA,NA,NA,"PRODUCTION","NOT SOLD",NA,"MEASURED IN CWT","TOTAL",NA,NA,"NOT SPECIFIED","25,100",NA
"330","SURVEY",2018,"YEAR","NATIONAL","US TOTAL",NA,NA,NA,NA,NA,"PRODUCTION","PROCESSING",NA,"MEASURED IN $","TOTAL",NA,NA,"NOT SPECIFIED","229,741,000",NA
"331","SURVEY",2018,"YEAR","NATIONAL","US TOTAL",NA,NA,NA,NA,NA,"UTILIZED - PRODUCTION","PROCESSING",NA,"MEASURED IN CWT","TOTAL",NA,NA,"NOT SPECIFIED","5,258,800",NA
"332","SURVEY",2018,"YEAR","NATIONAL","US TOTAL",NA,NA,NA,NA,NA,"UTILIZED - PRODUCTION","PROCESSING",NA,"MEASURED IN TONS","TOTAL",NA,NA,"NOT SPECIFIED","284,740",NA
"333","SURVEY",2018,"YEAR","NATIONAL","US TOTAL",NA,NA,NA,NA,NA,"UTILIZED - PRODUCTION",NA,NA,"MEASURED IN CWT","TOTAL",NA,NA,"NOT SPECIFIED","26,454,900",NA
"334","SURVEY",2018,"YEAR","STATE","CALIFORNIA","06",NA,NA,NA,NA,"ACRES HARVESTED",NA,NA,NA,"TOTAL",NA,NA,"NOT SPECIFIED","36,300",NA
"335","SURVEY",2018,"YEAR","STATE","CALIFORNIA","06",NA,NA,NA,NA,"ACRES PLANTED",NA,NA,NA,"TOTAL",NA,NA,"NOT SPECIFIED","36,300",NA
"336","SURVEY",2018,"YEAR","STATE","CALIFORNIA","06",NA,NA,NA,NA,"PRODUCTION",NA,NA,NA,"TOTAL",NA,NA,"NOT SPECIFIED","2,179,066,000",NA
"337","SURVEY",2018,"YEAR","STATE","CALIFORNIA","06",NA,NA,NA,NA,"PRODUCTION",NA,NA,NA,"TOTAL",NA,NA,"NOT SPECIFIED","24,000,000",NA
"338","SURVEY",2018,"YEAR","STATE","CALIFORNIA","06",NA,NA,NA,NA,"YIELD",NA,NA,NA,"TOTAL",NA,NA,"NOT SPECIFIED","660",NA
"339","SURVEY",2018,"YEAR","STATE","CALIFORNIA","06",NA,NA,NA,NA,"PRODUCTION","FRESH MARKET",NA,"MEASURED IN $","TOTAL",NA,NA,"NOT SPECIFIED","1,964,352,000",NA
"340","SURVEY",2018,"YEAR","STATE","CALIFORNIA","06",NA,NA,NA,NA,"UTILIZED - PRODUCTION","FRESH MARKET",NA,"MEASURED IN CWT","TOTAL",NA,NA,"NOT SPECIFIED","18,888,000",NA
"341","SURVEY",2018,"YEAR","STATE","CALIFORNIA","06",NA,NA,NA,NA,"PRODUCTION","NOT SOLD",NA,"MEASURED IN CWT","TOTAL",NA,NA,"NOT SPECIFIED","24,000",NA
"342","SURVEY",2018,"YEAR","STATE","CALIFORNIA","06",NA,NA,NA,NA,"PRODUCTION","PROCESSING",NA,"MEASURED IN $","TOTAL",NA,NA,"NOT SPECIFIED","214,714,000",NA
"343","SURVEY",2018,"YEAR","STATE","CALIFORNIA","06",NA,NA,NA,NA,"UTILIZED - PRODUCTION","PROCESSING",NA,"MEASURED IN CWT","TOTAL",NA,NA,"NOT SPECIFIED","5,088,000",NA
"344","SURVEY",2018,"YEAR","STATE","CALIFORNIA","06",NA,NA,NA,NA,"UTILIZED - PRODUCTION","PROCESSING",NA,"MEASURED IN TONS","TOTAL",NA,NA,"NOT SPECIFIED","276,358",NA
"345","SURVEY",2018,"YEAR","STATE","CALIFORNIA","06",NA,NA,NA,NA,"UTILIZED - PRODUCTION",NA,NA,"MEASURED IN CWT","TOTAL",NA,NA,"NOT SPECIFIED","23,976,000",NA
"346","SURVEY",2018,"YEAR","STATE","FLORIDA","12",NA,NA,NA,NA,"ACRES HARVESTED",NA,NA,NA,"TOTAL",NA,NA,"NOT SPECIFIED","9,400",NA
"347","SURVEY",2018,"YEAR","STATE","FLORIDA","12",NA,NA,NA,NA,"ACRES PLANTED",NA,NA,NA,"TOTAL",NA,NA,"NOT SPECIFIED","9,400",NA
"348","SURVEY",2018,"YEAR","STATE","FLORIDA","12",NA,NA,NA,NA,"PRODUCTION",NA,NA,NA,"TOTAL",NA,NA,"NOT SPECIFIED","243,800,000",NA
"349","SURVEY",2018,"YEAR","STATE","FLORIDA","12",NA,NA,NA,NA,"PRODUCTION",NA,NA,NA,"TOTAL",NA,NA,"NOT SPECIFIED","2,120,000",NA
"350","SURVEY",2018,"YEAR","STATE","FLORIDA","12",NA,NA,NA,NA,"YIELD",NA,NA,NA,"TOTAL",NA,NA,"NOT SPECIFIED","225",NA
"351","SURVEY",2018,"YEAR","STATE","FLORIDA","12",NA,NA,NA,NA,"PRODUCTION","FRESH MARKET",NA,"MEASURED IN $","TOTAL",NA,NA,"NOT SPECIFIED","243,800,000",NA
"352","SURVEY",2018,"YEAR","STATE","FLORIDA","12",NA,NA,NA,NA,"UTILIZED - PRODUCTION","FRESH MARKET",NA,"MEASURED IN CWT","TOTAL",NA,NA,"NOT SPECIFIED","2,120,000",NA
"353","SURVEY",2018,"YEAR","STATE","FLORIDA","12",NA,NA,NA,NA,"PRODUCTION","NOT SOLD",NA,"MEASURED IN CWT","TOTAL",NA,NA,"NOT SPECIFIED","0",NA
"354","SURVEY",2018,"YEAR","STATE","FLORIDA","12",NA,NA,NA,NA,"PRODUCTION","PROCESSING",NA,"MEASURED IN $","TOTAL",NA,NA,"NOT SPECIFIED","0",NA
"355","SURVEY",2018,"YEAR","STATE","FLORIDA","12",NA,NA,NA,NA,"UTILIZED - PRODUCTION","PROCESSING",NA,"MEASURED IN CWT","TOTAL",NA,NA,"NOT SPECIFIED","0",NA
"356","SURVEY",2018,"YEAR","STATE","FLORIDA","12",NA,NA,NA,NA,"UTILIZED - PRODUCTION","PROCESSING",NA,"MEASURED IN TONS","TOTAL",NA,NA,"NOT SPECIFIED","0",NA
"357","SURVEY",2018,"YEAR","STATE","FLORIDA","12",NA,NA,NA,NA,"UTILIZED - PRODUCTION",NA,NA,"MEASURED IN CWT","TOTAL",NA,NA,"NOT SPECIFIED","2,120,000",NA
"358","SURVEY",2018,"YEAR","STATE","NEW YORK","36",NA,NA,NA,NA,"ACRES HARVESTED",NA,NA,NA,"TOTAL",NA,NA,"NOT SPECIFIED","700",NA
"359","SURVEY",2018,"YEAR","STATE","NEW YORK","36",NA,NA,NA,NA,"ACRES PLANTED",NA,NA,NA,"TOTAL",NA,NA,"NOT SPECIFIED","800",NA
"360","SURVEY",2018,"YEAR","STATE","NEW YORK","36",NA,NA,NA,NA,"PRODUCTION",NA,NA,NA,"TOTAL",NA,NA,"NOT SPECIFIED","6,065,000",NA
"361","SURVEY",2018,"YEAR","STATE","NEW YORK","36",NA,NA,NA,NA,"PRODUCTION",NA,NA,NA,"TOTAL",NA,NA,"NOT SPECIFIED","30,000",NA
"362","SURVEY",2018,"YEAR","STATE","NEW YORK","36",NA,NA,NA,NA,"YIELD",NA,NA,NA,"TOTAL",NA,NA,"NOT SPECIFIED","44",NA
"363","SURVEY",2018,"YEAR","STATE","NEW YORK","36",NA,NA,NA,NA,"PRODUCTION","FRESH MARKET",NA,"MEASURED IN $","TOTAL",NA,NA,"NOT SPECIFIED","(D)",NA
"364","SURVEY",2018,"YEAR","STATE","NEW YORK","36",NA,NA,NA,NA,"UTILIZED - PRODUCTION","FRESH MARKET",NA,"MEASURED IN CWT","TOTAL",NA,NA,"NOT SPECIFIED","(D)",NA
"365","SURVEY",2018,"YEAR","STATE","NEW YORK","36",NA,NA,NA,NA,"PRODUCTION","NOT SOLD",NA,"MEASURED IN CWT","TOTAL",NA,NA,"NOT SPECIFIED","200",NA
"366","SURVEY",2018,"YEAR","STATE","NEW YORK","36",NA,NA,NA,NA,"PRODUCTION","PROCESSING",NA,"MEASURED IN $","TOTAL",NA,NA,"NOT SPECIFIED","(D)",NA
"367","SURVEY",2018,"YEAR","STATE","NEW YORK","36",NA,NA,NA,NA,"UTILIZED - PRODUCTION","PROCESSING",NA,"MEASURED IN CWT","TOTAL",NA,NA,"NOT SPECIFIED","(D)",NA
"368","SURVEY",2018,"YEAR","STATE","NEW YORK","36",NA,NA,NA,NA,"UTILIZED - PRODUCTION",NA,NA,"MEASURED IN CWT","TOTAL",NA,NA,"NOT SPECIFIED","29,800",NA
"369","SURVEY",2018,"YEAR","STATE","NORTH CAROLINA","37",NA,NA,NA,NA,"ACRES HARVESTED",NA,NA,NA,"TOTAL",NA,NA,"NOT SPECIFIED","1,000",NA
"370","SURVEY",2018,"YEAR","STATE","NORTH CAROLINA","37",NA,NA,NA,NA,"ACRES PLANTED",NA,NA,NA,"TOTAL",NA,NA,"NOT SPECIFIED","1,100",NA
"371","SURVEY",2018,"YEAR","STATE","NORTH CAROLINA","37",NA,NA,NA,NA,"PRODUCTION",NA,NA,NA,"TOTAL",NA,NA,"NOT SPECIFIED","22,230,000",NA
"372","SURVEY",2018,"YEAR","STATE","NORTH CAROLINA","37",NA,NA,NA,NA,"PRODUCTION",NA,NA,NA,"TOTAL",NA,NA,"NOT SPECIFIED","130,000",NA
"373","SURVEY",2018,"YEAR","STATE","NORTH CAROLINA","37",NA,NA,NA,NA,"YIELD",NA,NA,NA,"TOTAL",NA,NA,"NOT SPECIFIED","125",NA
"374","SURVEY",2018,"YEAR","STATE","NORTH CAROLINA","37",NA,NA,NA,NA,"PRODUCTION","FRESH MARKET",NA,"MEASURED IN $","TOTAL",NA,NA,"NOT SPECIFIED","22,230,000",NA
"375","SURVEY",2018,"YEAR","STATE","NORTH CAROLINA","37",NA,NA,NA,NA,"UTILIZED - PRODUCTION","FRESH MARKET",NA,"MEASURED IN CWT","TOTAL",NA,NA,"NOT SPECIFIED","130,000",NA
"376","SURVEY",2018,"YEAR","STATE","NORTH CAROLINA","37",NA,NA,NA,NA,"PRODUCTION","NOT SOLD",NA,"MEASURED IN CWT","TOTAL",NA,NA,"NOT SPECIFIED","0",NA
"377","SURVEY",2018,"YEAR","STATE","NORTH CAROLINA","37",NA,NA,NA,NA,"PRODUCTION","PROCESSING",NA,"MEASURED IN $","TOTAL",NA,NA,"NOT SPECIFIED","0",NA
"378","SURVEY",2018,"YEAR","STATE","NORTH CAROLINA","37",NA,NA,NA,NA,"UTILIZED - PRODUCTION","PROCESSING",NA,"MEASURED IN CWT","TOTAL",NA,NA,"NOT SPECIFIED","0",NA
"379","SURVEY",2018,"YEAR","STATE","NORTH CAROLINA","37",NA,NA,NA,NA,"UTILIZED - PRODUCTION","PROCESSING",NA,"MEASURED IN TONS","TOTAL",NA,NA,"NOT SPECIFIED","0",NA
"380","SURVEY",2018,"YEAR","STATE","NORTH CAROLINA","37",NA,NA,NA,NA,"UTILIZED - PRODUCTION",NA,NA,"MEASURED IN CWT","TOTAL",NA,NA,"NOT SPECIFIED","130,000",NA
"381","SURVEY",2018,"YEAR","STATE","OREGON","41",NA,NA,NA,NA,"ACRES HARVESTED",NA,NA,NA,"TOTAL",NA,NA,"NOT SPECIFIED","1,100",NA
"382","SURVEY",2018,"YEAR","STATE","OREGON","41",NA,NA,NA,NA,"ACRES PLANTED",NA,NA,NA,"TOTAL",NA,NA,"NOT SPECIFIED","1,300",NA
"383","SURVEY",2018,"YEAR","STATE","OREGON","41",NA,NA,NA,NA,"PRODUCTION",NA,NA,NA,"TOTAL",NA,NA,"NOT SPECIFIED","11,687,000",NA
"384","SURVEY",2018,"YEAR","STATE","OREGON","41",NA,NA,NA,NA,"PRODUCTION",NA,NA,NA,"TOTAL",NA,NA,"NOT SPECIFIED","110,000",NA
"385","SURVEY",2018,"YEAR","STATE","OREGON","41",NA,NA,NA,NA,"YIELD",NA,NA,NA,"TOTAL",NA,NA,"NOT SPECIFIED","100",NA
"386","SURVEY",2018,"YEAR","STATE","OREGON","41",NA,NA,NA,NA,"PRODUCTION","FRESH MARKET",NA,"MEASURED IN $","TOTAL",NA,NA,"NOT SPECIFIED","(D)",NA
"387","SURVEY",2018,"YEAR","STATE","OREGON","41",NA,NA,NA,NA,"UTILIZED - PRODUCTION","FRESH MARKET",NA,"MEASURED IN CWT","TOTAL",NA,NA,"NOT SPECIFIED","(D)",NA
"388","SURVEY",2018,"YEAR","STATE","OREGON","41",NA,NA,NA,NA,"PRODUCTION","NOT SOLD",NA,"MEASURED IN CWT","TOTAL",NA,NA,"NOT SPECIFIED","700",NA
"389","SURVEY",2018,"YEAR","STATE","OREGON","41",NA,NA,NA,NA,"PRODUCTION","PROCESSING",NA,"MEASURED IN $","TOTAL",NA,NA,"NOT SPECIFIED","(D)",NA
"390","SURVEY",2018,"YEAR","STATE","OREGON","41",NA,NA,NA,NA,"UTILIZED - PRODUCTION","PROCESSING",NA,"MEASURED IN CWT","TOTAL",NA,NA,"NOT SPECIFIED","(D)",NA
"391","SURVEY",2018,"YEAR","STATE","OREGON","41",NA,NA,NA,NA,"UTILIZED - PRODUCTION",NA,NA,"MEASURED IN CWT","TOTAL",NA,NA,"NOT SPECIFIED","109,300",NA
"392","SURVEY",2018,"YEAR","STATE","OTHER STATES",NA,NA,NA,NA,NA,"PRODUCTION","FRESH MARKET",NA,"MEASURED IN $","TOTAL",NA,NA,"NOT SPECIFIED","12,324,000",NA
"393","SURVEY",2018,"YEAR","STATE","OTHER STATES",NA,NA,NA,NA,NA,"UTILIZED - PRODUCTION","FRESH MARKET",NA,"MEASURED IN CWT","TOTAL",NA,NA,"NOT SPECIFIED","58,100",NA
"394","SURVEY",2018,"YEAR","STATE","OTHER STATES",NA,NA,NA,NA,NA,"PRODUCTION","PROCESSING",NA,"MEASURED IN $","TOTAL",NA,NA,"NOT SPECIFIED","15,027,000",NA
"395","SURVEY",2018,"YEAR","STATE","OTHER STATES",NA,NA,NA,NA,NA,"UTILIZED - PRODUCTION","PROCESSING",NA,"MEASURED IN CWT","TOTAL",NA,NA,"NOT SPECIFIED","170,800",NA
"396","SURVEY",2018,"YEAR","STATE","WASHINGTON","53",NA,NA,NA,NA,"ACRES HARVESTED",NA,NA,NA,"TOTAL",NA,NA,"NOT SPECIFIED","820",NA
"397","SURVEY",2018,"YEAR","STATE","WASHINGTON","53",NA,NA,NA,NA,"ACRES PLANTED",NA,NA,NA,"TOTAL",NA,NA,"NOT SPECIFIED","900",NA
"398","SURVEY",2018,"YEAR","STATE","WASHINGTON","53",NA,NA,NA,NA,"PRODUCTION",NA,NA,NA,"TOTAL",NA,NA,"NOT SPECIFIED","9,599,000",NA
"399","SURVEY",2018,"YEAR","STATE","WASHINGTON","53",NA,NA,NA,NA,"PRODUCTION",NA,NA,NA,"TOTAL",NA,NA,"NOT SPECIFIED","90,000",NA
"400","SURVEY",2018,"YEAR","STATE","WASHINGTON","53",NA,NA,NA,NA,"YIELD",NA,NA,NA,"TOTAL",NA,NA,"NOT SPECIFIED","105",NA
"401","SURVEY",2018,"YEAR","STATE","WASHINGTON","53",NA,NA,NA,NA,"PRODUCTION","FRESH MARKET",NA,"MEASURED IN $","TOTAL",NA,NA,"NOT SPECIFIED","(D)",NA
"402","SURVEY",2018,"YEAR","STATE","WASHINGTON","53",NA,NA,NA,NA,"UTILIZED - PRODUCTION","FRESH MARKET",NA,"MEASURED IN CWT","TOTAL",NA,NA,"NOT SPECIFIED","(D)",NA
"403","SURVEY",2018,"YEAR","STATE","WASHINGTON","53",NA,NA,NA,NA,"PRODUCTION","NOT SOLD",NA,"MEASURED IN CWT","TOTAL",NA,NA,"NOT SPECIFIED","200",NA
"404","SURVEY",2018,"YEAR","STATE","WASHINGTON","53",NA,NA,NA,NA,"PRODUCTION","PROCESSING",NA,"MEASURED IN $","TOTAL",NA,NA,"NOT SPECIFIED","(D)",NA
"405","SURVEY",2018,"YEAR","STATE","WASHINGTON","53",NA,NA,NA,NA,"UTILIZED - PRODUCTION","PROCESSING",NA,"MEASURED IN CWT","TOTAL",NA,NA,"NOT SPECIFIED","(D)",NA
"406","SURVEY",2018,"YEAR","STATE","WASHINGTON","53",NA,NA,NA,NA,"UTILIZED - PRODUCTION",NA,NA,"MEASURED IN CWT","TOTAL",NA,NA,"NOT SPECIFIED","89,800",NA
"407","SURVEY",2018,"YEAR - AUG FORECAST","NATIONAL","US TOTAL",NA,NA,NA,NA,NA,"ACRES HARVESTED",NA,NA,NA,"TOTAL",NA,NA,"NOT SPECIFIED","49,920",NA
"408","SURVEY",2018,"YEAR - AUG FORECAST","NATIONAL","US TOTAL",NA,NA,NA,NA,NA,"ACRES PLANTED",NA,NA,NA,"TOTAL",NA,NA,"NOT SPECIFIED","50,600",NA
"409","SURVEY",2018,"YEAR - AUG FORECAST","NATIONAL","US TOTAL",NA,NA,NA,NA,NA,"PRODUCTION",NA,NA,NA,"TOTAL",NA,NA,"NOT SPECIFIED","3,371,461,000",NA
"410","SURVEY",2018,"YEAR - AUG FORECAST","NATIONAL","US TOTAL",NA,NA,NA,NA,NA,"PRODUCTION",NA,NA,NA,"TOTAL",NA,NA,"NOT SPECIFIED","31,764,900",NA
"411","SURVEY",2018,"YEAR - AUG FORECAST","NATIONAL","US TOTAL",NA,NA,NA,NA,NA,"YIELD",NA,NA,NA,"TOTAL",NA,NA,"NOT SPECIFIED","636.3",NA
"412","SURVEY",2018,"YEAR - AUG FORECAST","NATIONAL","US TOTAL",NA,NA,NA,NA,NA,"PRODUCTION","FRESH MARKET",NA,"MEASURED IN $","TOTAL",NA,NA,"NOT SPECIFIED","3,154,923,000",NA
"413","SURVEY",2018,"YEAR - AUG FORECAST","NATIONAL","US TOTAL",NA,NA,NA,NA,NA,"UTILIZED - PRODUCTION","FRESH MARKET",NA,"MEASURED IN CWT","TOTAL",NA,NA,"NOT SPECIFIED","26,040,000",NA
"414","SURVEY",2018,"YEAR - AUG FORECAST","NATIONAL","US TOTAL",NA,NA,NA,NA,NA,"PRODUCTION","NOT SOLD",NA,"MEASURED IN CWT","TOTAL",NA,NA,"NOT SPECIFIED","30,100",NA
"415","SURVEY",2018,"YEAR - AUG FORECAST","NATIONAL","US TOTAL",NA,NA,NA,NA,NA,"PRODUCTION","PROCESSING",NA,"MEASURED IN $","TOTAL",NA,NA,"NOT SPECIFIED","216,538,000",NA
"416","SURVEY",2018,"YEAR - AUG FORECAST","NATIONAL","US TOTAL",NA,NA,NA,NA,NA,"UTILIZED - PRODUCTION","PROCESSING",NA,"MEASURED IN CWT","TOTAL",NA,NA,"NOT SPECIFIED","5,694,800",NA
"417","SURVEY",2018,"YEAR - AUG FORECAST","NATIONAL","US TOTAL",NA,NA,NA,NA,NA,"UTILIZED - PRODUCTION","PROCESSING",NA,"MEASURED IN TONS","TOTAL",NA,NA,"NOT SPECIFIED","284,740",NA
"418","SURVEY",2018,"YEAR - AUG FORECAST","NATIONAL","US TOTAL",NA,NA,NA,NA,NA,"UTILIZED - PRODUCTION",NA,NA,"MEASURED IN CWT","TOTAL",NA,NA,"NOT SPECIFIED","31,734,800",NA
"419","SURVEY",2018,"YEAR - AUG FORECAST","STATE","CALIFORNIA","06",NA,NA,NA,NA,"ACRES HARVESTED",NA,NA,NA,"TOTAL",NA,NA,"NOT SPECIFIED","36,400",NA
"420","SURVEY",2018,"YEAR - AUG FORECAST","STATE","CALIFORNIA","06",NA,NA,NA,NA,"ACRES PLANTED",NA,NA,NA,"TOTAL",NA,NA,"NOT SPECIFIED","36,500",NA
"421","SURVEY",2018,"YEAR - AUG FORECAST","STATE","CALIFORNIA","06",NA,NA,NA,NA,"PRODUCTION",NA,NA,NA,"TOTAL",NA,NA,"NOT SPECIFIED","3,030,953,000",NA
"422","SURVEY",2018,"YEAR - AUG FORECAST","STATE","CALIFORNIA","06",NA,NA,NA,NA,"PRODUCTION",NA,NA,NA,"TOTAL",NA,NA,"NOT SPECIFIED","28,938,000",NA
"423","SURVEY",2018,"YEAR - AUG FORECAST","STATE","CALIFORNIA","06",NA,NA,NA,NA,"YIELD",NA,NA,NA,"TOTAL",NA,NA,"NOT SPECIFIED","795",NA
"424","SURVEY",2018,"YEAR - AUG FORECAST","STATE","CALIFORNIA","06",NA,NA,NA,NA,"PRODUCTION","FRESH MARKET",NA,"MEASURED IN $","TOTAL",NA,NA,"NOT SPECIFIED","2,829,210,000",NA
"425","SURVEY",2018,"YEAR - AUG FORECAST","STATE","CALIFORNIA","06",NA,NA,NA,NA,"UTILIZED - PRODUCTION","FRESH MARKET",NA,"MEASURED IN CWT","TOTAL",NA,NA,"NOT SPECIFIED","23,381,900",NA
"426","SURVEY",2018,"YEAR - AUG FORECAST","STATE","CALIFORNIA","06",NA,NA,NA,NA,"PRODUCTION","NOT SOLD",NA,"MEASURED IN CWT","TOTAL",NA,NA,"NOT SPECIFIED","28,900",NA
"427","SURVEY",2018,"YEAR - AUG FORECAST","STATE","CALIFORNIA","06",NA,NA,NA,NA,"PRODUCTION","PROCESSING",NA,"MEASURED IN $","TOTAL",NA,NA,"NOT SPECIFIED","201,743,000",NA
"428","SURVEY",2018,"YEAR - AUG FORECAST","STATE","CALIFORNIA","06",NA,NA,NA,NA,"UTILIZED - PRODUCTION","PROCESSING",NA,"MEASURED IN CWT","TOTAL",NA,NA,"NOT SPECIFIED","5,527,200",NA
"429","SURVEY",2018,"YEAR - AUG FORECAST","STATE","CALIFORNIA","06",NA,NA,NA,NA,"UTILIZED - PRODUCTION","PROCESSING",NA,"MEASURED IN TONS","TOTAL",NA,NA,"NOT SPECIFIED","276,358",NA
"430","SURVEY",2018,"YEAR - AUG FORECAST","STATE","CALIFORNIA","06",NA,NA,NA,NA,"UTILIZED - PRODUCTION",NA,NA,"MEASURED IN CWT","TOTAL",NA,NA,"NOT SPECIFIED","28,909,100",NA
"431","SURVEY",2018,"YEAR - AUG FORECAST","STATE","FLORIDA","12",NA,NA,NA,NA,"ACRES HARVESTED",NA,NA,NA,"TOTAL",NA,NA,"NOT SPECIFIED","9,900",NA
"432","SURVEY",2018,"YEAR - AUG FORECAST","STATE","FLORIDA","12",NA,NA,NA,NA,"ACRES PLANTED",NA,NA,NA,"TOTAL",NA,NA,"NOT SPECIFIED","10,000",NA
"433","SURVEY",2018,"YEAR - AUG FORECAST","STATE","FLORIDA","12",NA,NA,NA,NA,"PRODUCTION",NA,NA,NA,"TOTAL",NA,NA,"NOT SPECIFIED","292,050,000",NA
"434","SURVEY",2018,"YEAR - AUG FORECAST","STATE","FLORIDA","12",NA,NA,NA,NA,"PRODUCTION",NA,NA,NA,"TOTAL",NA,NA,"NOT SPECIFIED","2,475,000",NA
"435","SURVEY",2018,"YEAR - AUG FORECAST","STATE","FLORIDA","12",NA,NA,NA,NA,"YIELD",NA,NA,NA,"TOTAL",NA,NA,"NOT SPECIFIED","250",NA
"436","SURVEY",2018,"YEAR - AUG FORECAST","STATE","FLORIDA","12",NA,NA,NA,NA,"PRODUCTION","FRESH MARKET",NA,"MEASURED IN $","TOTAL",NA,NA,"NOT SPECIFIED","292,050,000",NA
"437","SURVEY",2018,"YEAR - AUG FORECAST","STATE","FLORIDA","12",NA,NA,NA,NA,"UTILIZED - PRODUCTION","FRESH MARKET",NA,"MEASURED IN CWT","TOTAL",NA,NA,"NOT SPECIFIED","2,475,000",NA
"438","SURVEY",2018,"YEAR - AUG FORECAST","STATE","FLORIDA","12",NA,NA,NA,NA,"PRODUCTION","NOT SOLD",NA,"MEASURED IN CWT","TOTAL",NA,NA,"NOT SPECIFIED","0",NA
"439","SURVEY",2018,"YEAR - AUG FORECAST","STATE","FLORIDA","12",NA,NA,NA,NA,"PRODUCTION","PROCESSING",NA,"MEASURED IN $","TOTAL",NA,NA,"NOT SPECIFIED","0",NA
"440","SURVEY",2018,"YEAR - AUG FORECAST","STATE","FLORIDA","12",NA,NA,NA,NA,"UTILIZED - PRODUCTION","PROCESSING",NA,"MEASURED IN CWT","TOTAL",NA,NA,"NOT SPECIFIED","0",NA
"441","SURVEY",2018,"YEAR - AUG FORECAST","STATE","FLORIDA","12",NA,NA,NA,NA,"UTILIZED - PRODUCTION","PROCESSING",NA,"MEASURED IN TONS","TOTAL",NA,NA,"NOT SPECIFIED","0",NA
"442","SURVEY",2018,"YEAR - AUG FORECAST","STATE","FLORIDA","12",NA,NA,NA,NA,"UTILIZED - PRODUCTION",NA,NA,"MEASURED IN CWT","TOTAL",NA,NA,"NOT SPECIFIED","2,475,000",NA
"443","SURVEY",2018,"YEAR - AUG FORECAST","STATE","NEW YORK","36",NA,NA,NA,NA,"ACRES HARVESTED",NA,NA,NA,"TOTAL",NA,NA,"NOT SPECIFIED","700",NA
"444","SURVEY",2018,"YEAR - AUG FORECAST","STATE","NEW YORK","36",NA,NA,NA,NA,"ACRES PLANTED",NA,NA,NA,"TOTAL",NA,NA,"NOT SPECIFIED","800",NA
"445","SURVEY",2018,"YEAR - AUG FORECAST","STATE","NEW YORK","36",NA,NA,NA,NA,"PRODUCTION",NA,NA,NA,"TOTAL",NA,NA,"NOT SPECIFIED","6,229,000",NA
"446","SURVEY",2018,"YEAR - AUG FORECAST","STATE","NEW YORK","36",NA,NA,NA,NA,"PRODUCTION",NA,NA,NA,"TOTAL",NA,NA,"NOT SPECIFIED","30,800",NA
"447","SURVEY",2018,"YEAR - AUG FORECAST","STATE","NEW YORK","36",NA,NA,NA,NA,"YIELD",NA,NA,NA,"TOTAL",NA,NA,"NOT SPECIFIED","44",NA
"448","SURVEY",2018,"YEAR - AUG FORECAST","STATE","NEW YORK","36",NA,NA,NA,NA,"PRODUCTION","FRESH MARKET",NA,"MEASURED IN $","TOTAL",NA,NA,"NOT SPECIFIED","(D)",NA
"449","SURVEY",2018,"YEAR - AUG FORECAST","STATE","NEW YORK","36",NA,NA,NA,NA,"UTILIZED - PRODUCTION","FRESH MARKET",NA,"MEASURED IN CWT","TOTAL",NA,NA,"NOT SPECIFIED","(D)",NA
"450","SURVEY",2018,"YEAR - AUG FORECAST","STATE","NEW YORK","36",NA,NA,NA,NA,"PRODUCTION","NOT SOLD",NA,"MEASURED IN CWT","TOTAL",NA,NA,"NOT SPECIFIED","200",NA
"451","SURVEY",2018,"YEAR - AUG FORECAST","STATE","NEW YORK","36",NA,NA,NA,NA,"PRODUCTION","PROCESSING",NA,"MEASURED IN $","TOTAL",NA,NA,"NOT SPECIFIED","(D)",NA
"452","SURVEY",2018,"YEAR - AUG FORECAST","STATE","NEW YORK","36",NA,NA,NA,NA,"UTILIZED - PRODUCTION","PROCESSING",NA,"MEASURED IN CWT","TOTAL",NA,NA,"NOT SPECIFIED","(D)",NA
"453","SURVEY",2018,"YEAR - AUG FORECAST","STATE","NEW YORK","36",NA,NA,NA,NA,"UTILIZED - PRODUCTION",NA,NA,"MEASURED IN CWT","TOTAL",NA,NA,"NOT SPECIFIED","30,600",NA
"454","SURVEY",2018,"YEAR - AUG FORECAST","STATE","NORTH CAROLINA","37",NA,NA,NA,NA,"ACRES HARVESTED",NA,NA,NA,"TOTAL",NA,NA,"NOT SPECIFIED","1,000",NA
"455","SURVEY",2018,"YEAR - AUG FORECAST","STATE","NORTH CAROLINA","37",NA,NA,NA,NA,"ACRES PLANTED",NA,NA,NA,"TOTAL",NA,NA,"NOT SPECIFIED","1,100",NA
"456","SURVEY",2018,"YEAR - AUG FORECAST","STATE","NORTH CAROLINA","37",NA,NA,NA,NA,"PRODUCTION",NA,NA,NA,"TOTAL",NA,NA,"NOT SPECIFIED","21,375,000",NA
"457","SURVEY",2018,"YEAR - AUG FORECAST","STATE","NORTH CAROLINA","37",NA,NA,NA,NA,"PRODUCTION",NA,NA,NA,"TOTAL",NA,NA,"NOT SPECIFIED","125,000",NA
"458","SURVEY",2018,"YEAR - AUG FORECAST","STATE","NORTH CAROLINA","37",NA,NA,NA,NA,"YIELD",NA,NA,NA,"TOTAL",NA,NA,"NOT SPECIFIED","125",NA
"459","SURVEY",2018,"YEAR - AUG FORECAST","STATE","NORTH CAROLINA","37",NA,NA,NA,NA,"PRODUCTION","FRESH MARKET",NA,"MEASURED IN $","TOTAL",NA,NA,"NOT SPECIFIED","21,375,000",NA
"460","SURVEY",2018,"YEAR - AUG FORECAST","STATE","NORTH CAROLINA","37",NA,NA,NA,NA,"UTILIZED - PRODUCTION","FRESH MARKET",NA,"MEASURED IN CWT","TOTAL",NA,NA,"NOT SPECIFIED","125,000",NA
"461","SURVEY",2018,"YEAR - AUG FORECAST","STATE","NORTH CAROLINA","37",NA,NA,NA,NA,"PRODUCTION","NOT SOLD",NA,"MEASURED IN CWT","TOTAL",NA,NA,"NOT SPECIFIED","0",NA
"462","SURVEY",2018,"YEAR - AUG FORECAST","STATE","NORTH CAROLINA","37",NA,NA,NA,NA,"PRODUCTION","PROCESSING",NA,"MEASURED IN $","TOTAL",NA,NA,"NOT SPECIFIED","0",NA
"463","SURVEY",2018,"YEAR - AUG FORECAST","STATE","NORTH CAROLINA","37",NA,NA,NA,NA,"UTILIZED - PRODUCTION","PROCESSING",NA,"MEASURED IN CWT","TOTAL",NA,NA,"NOT SPECIFIED","0",NA
"464","SURVEY",2018,"YEAR - AUG FORECAST","STATE","NORTH CAROLINA","37",NA,NA,NA,NA,"UTILIZED - PRODUCTION","PROCESSING",NA,"MEASURED IN TONS","TOTAL",NA,NA,"NOT SPECIFIED","0",NA
"465","SURVEY",2018,"YEAR - AUG FORECAST","STATE","NORTH CAROLINA","37",NA,NA,NA,NA,"UTILIZED - PRODUCTION",NA,NA,"MEASURED IN CWT","TOTAL",NA,NA,"NOT SPECIFIED","125,000",NA
"466","SURVEY",2018,"YEAR - AUG FORECAST","STATE","OREGON","41",NA,NA,NA,NA,"ACRES HARVESTED",NA,NA,NA,"TOTAL",NA,NA,"NOT SPECIFIED","1,100",NA
"467","SURVEY",2018,"YEAR - AUG FORECAST","STATE","OREGON","41",NA,NA,NA,NA,"ACRES PLANTED",NA,NA,NA,"TOTAL",NA,NA,"NOT SPECIFIED","1,300",NA
"468","SURVEY",2018,"YEAR - AUG FORECAST","STATE","OREGON","41",NA,NA,NA,NA,"PRODUCTION",NA,NA,NA,"TOTAL",NA,NA,"NOT SPECIFIED","11,687,000",NA
"469","SURVEY",2018,"YEAR - AUG FORECAST","STATE","OREGON","41",NA,NA,NA,NA,"PRODUCTION",NA,NA,NA,"TOTAL",NA,NA,"NOT SPECIFIED","110,000",NA
"470","SURVEY",2018,"YEAR - AUG FORECAST","STATE","OREGON","41",NA,NA,NA,NA,"YIELD",NA,NA,NA,"TOTAL",NA,NA,"NOT SPECIFIED","100",NA
"471","SURVEY",2018,"YEAR - AUG FORECAST","STATE","OREGON","41",NA,NA,NA,NA,"PRODUCTION","FRESH MARKET",NA,"MEASURED IN $","TOTAL",NA,NA,"NOT SPECIFIED","(D)",NA
"472","SURVEY",2018,"YEAR - AUG FORECAST","STATE","OREGON","41",NA,NA,NA,NA,"UTILIZED - PRODUCTION","FRESH MARKET",NA,"MEASURED IN CWT","TOTAL",NA,NA,"NOT SPECIFIED","(D)",NA
"473","SURVEY",2018,"YEAR - AUG FORECAST","STATE","OREGON","41",NA,NA,NA,NA,"PRODUCTION","NOT SOLD",NA,"MEASURED IN CWT","TOTAL",NA,NA,"NOT SPECIFIED","700",NA
"474","SURVEY",2018,"YEAR - AUG FORECAST","STATE","OREGON","41",NA,NA,NA,NA,"PRODUCTION","PROCESSING",NA,"MEASURED IN $","TOTAL",NA,NA,"NOT SPECIFIED","(D)",NA
"475","SURVEY",2018,"YEAR - AUG FORECAST","STATE","OREGON","41",NA,NA,NA,NA,"UTILIZED - PRODUCTION","PROCESSING",NA,"MEASURED IN CWT","TOTAL",NA,NA,"NOT SPECIFIED","(D)",NA
"476","SURVEY",2018,"YEAR - AUG FORECAST","STATE","OREGON","41",NA,NA,NA,NA,"UTILIZED - PRODUCTION",NA,NA,"MEASURED IN CWT","TOTAL",NA,NA,"NOT SPECIFIED","109,300",NA
"477","SURVEY",2018,"YEAR - AUG FORECAST","STATE","OTHER STATES",NA,NA,NA,NA,NA,"PRODUCTION","FRESH MARKET",NA,"MEASURED IN $","TOTAL",NA,NA,"NOT SPECIFIED","12,288,000",NA
"478","SURVEY",2018,"YEAR - AUG FORECAST","STATE","OTHER STATES",NA,NA,NA,NA,NA,"UTILIZED - PRODUCTION","FRESH MARKET",NA,"MEASURED IN CWT","TOTAL",NA,NA,"NOT SPECIFIED","58,100",NA
"479","SURVEY",2018,"YEAR - AUG FORECAST","STATE","OTHER STATES",NA,NA,NA,NA,NA,"PRODUCTION","PROCESSING",NA,"MEASURED IN $","TOTAL",NA,NA,"NOT SPECIFIED","14,795,000",NA
"480","SURVEY",2018,"YEAR - AUG FORECAST","STATE","OTHER STATES",NA,NA,NA,NA,NA,"UTILIZED - PRODUCTION","PROCESSING",NA,"MEASURED IN CWT","TOTAL",NA,NA,"NOT SPECIFIED","167,600",NA
"481","SURVEY",2018,"YEAR - AUG FORECAST","STATE","WASHINGTON","53",NA,NA,NA,NA,"ACRES HARVESTED",NA,NA,NA,"TOTAL",NA,NA,"NOT SPECIFIED","820",NA
"482","SURVEY",2018,"YEAR - AUG FORECAST","STATE","WASHINGTON","53",NA,NA,NA,NA,"ACRES PLANTED",NA,NA,NA,"TOTAL",NA,NA,"NOT SPECIFIED","900",NA
"483","SURVEY",2018,"YEAR - AUG FORECAST","STATE","WASHINGTON","53",NA,NA,NA,NA,"PRODUCTION",NA,NA,NA,"TOTAL",NA,NA,"NOT SPECIFIED","9,167,000",NA
"484","SURVEY",2018,"YEAR - AUG FORECAST","STATE","WASHINGTON","53",NA,NA,NA,NA,"PRODUCTION",NA,NA,NA,"TOTAL",NA,NA,"NOT SPECIFIED","86,100",NA
"485","SURVEY",2018,"YEAR - AUG FORECAST","STATE","WASHINGTON","53",NA,NA,NA,NA,"YIELD",NA,NA,NA,"TOTAL",NA,NA,"NOT SPECIFIED","105",NA
"486","SURVEY",2018,"YEAR - AUG FORECAST","STATE","WASHINGTON","53",NA,NA,NA,NA,"PRODUCTION","FRESH MARKET",NA,"MEASURED IN $","TOTAL",NA,NA,"NOT SPECIFIED","(D)",NA
"487","SURVEY",2018,"YEAR - AUG FORECAST","STATE","WASHINGTON","53",NA,NA,NA,NA,"UTILIZED - PRODUCTION","FRESH MARKET",NA,"MEASURED IN CWT","TOTAL",NA,NA,"NOT SPECIFIED","(D)",NA
"488","SURVEY",2018,"YEAR - AUG FORECAST","STATE","WASHINGTON","53",NA,NA,NA,NA,"PRODUCTION","NOT SOLD",NA,"MEASURED IN CWT","TOTAL",NA,NA,"NOT SPECIFIED","300",NA
"489","SURVEY",2018,"YEAR - AUG FORECAST","STATE","WASHINGTON","53",NA,NA,NA,NA,"PRODUCTION","PROCESSING",NA,"MEASURED IN $","TOTAL",NA,NA,"NOT SPECIFIED","(D)",NA
"490","SURVEY",2018,"YEAR - AUG FORECAST","STATE","WASHINGTON","53",NA,NA,NA,NA,"UTILIZED - PRODUCTION","PROCESSING",NA,"MEASURED IN CWT","TOTAL",NA,NA,"NOT SPECIFIED","(D)",NA
"491","SURVEY",2018,"YEAR - AUG FORECAST","STATE","WASHINGTON","53",NA,NA,NA,NA,"UTILIZED - PRODUCTION",NA,NA,"MEASURED IN CWT","TOTAL",NA,NA,"NOT SPECIFIED","85,800",NA
